duration_s,window,config,flows,T,F,zero_ratio,all_zero_slots,min,max
8,20ms,8feat,6253,401,8,0.826421,0,0.0,792786.0
8,20ms,3feat,6253,401,3,0.941686,2267758,0.0,9138.64705882353
8,30ms,8feat,6253,267,8,0.810786,0,0.0,1073346.0
8,30ms,3feat,6253,267,3,0.923064,1471090,0.0,13762.941176470587
8,40ms,8feat,6253,201,8,0.797509,0,0.0,1416272.0
8,40ms,3feat,6253,201,3,0.907358,1084037,0.0,14053.970588235294
8,50ms,8feat,6253,161,8,0.785621,0,0.0,1704726.0
8,50ms,3feat,6253,161,3,0.89337,853475,0.0,14699.882352941177
8,75ms,8feat,6253,107,8,0.760664,0,0.0,2494497.0
8,75ms,3feat,6253,107,3,0.864069,548489,0.0,15497.558823529413
8,100ms,8feat,6253,81,8,0.742515,0,0.0,2731344.0
8,100ms,3feat,6253,81,3,0.842802,405992,0.0,13358.382352941177
8,150ms,8feat,6253,54,8,0.713256,0,0.0,3873702.0
8,150ms,3feat,6253,54,3,0.808327,260390,0.0,7750.970588235294
8,200ms,8feat,6253,41,8,0.69389,0,0.0,5141414.0
8,200ms,3feat,6253,41,3,0.785599,192689,0.0,4153.0
8,250ms,8feat,6253,33,8,0.675978,0,0.0,6083728.0
8,250ms,3feat,6253,33,3,0.764734,151404,0.0,7750.529411764706
