IPT,SIZE,DIR,APP,Delta_Time
"[0.0, 3.0, 0.0, 0.0, 9.0, 1.0, 0.0, 0.0, 0.0, 0.0, 2.0, 4.0, 63.0, 0.0, 10.0, 25.0, 39317.0, 0.0, 1.0, 24.0, 383.0, 0.0, 0.0, 0.0, 0.0, 0.0, 0.0, 0.0, 0.0, 0.0]","[1232.0, 1232.0, 168.0, 80.0, 1232.0, 83.0, 1232.0, 272.0, 42.0, 112.0, 304.0, 48.0, 1232.0, 560.0, 48.0, 48.0, 1232.0, 688.0, 48.0, 48.0, 1232.0, 272.0, 1232.0, 336.0, 1232.0, 1232.0, 656.0, 1232.0, 1232.0, 1232.0]","[1.0, -1.0, -1.0, -1.0, 1.0, 1.0, 1.0, 1.0, -1.0, -1.0, -1.0, 1.0, -1.0, -1.0, 1.0, -1.0, 1.0, 1.0, -1.0, 1.0, -1.0, -1.0, -1.0, -1.0, -1.0, -1.0, -1.0, -1.0, -1.0, -1.0]",66,"[0.0, 3.0, 3.0, 3.0, 12.0, 13.0, 13.0, 13.0, 13.0, 13.0, 15.0, 19.0, 82.0, 82.0, 92.0, 117.0, 39434.0, 39434.0, 39435.0, 39459.0, 39842.0, 39842.0, 39842.0, 39842.0, 39842.0, 39842.0, 39842.0, 39842.0, 39842.0, 39842.0]"
"[0.0, 3.0, 0.0, 0.0, 0.0, 0.0, 58.0, 1.0, 0.0, 0.0, 1.0, 9.0, 21.0, 11.0, 30063.0, 22.0, 29953.0, 0.0, 17.0, 15.0, 30059.0, 15.0, 29957.0, 1.0, 10.0, 26.0, 65.0, 0.0, 19.0, 30034.0]","[1252.0, 1232.0, 1232.0, 1232.0, 744.0, 80.0, 1252.0, 39.0, 112.0, 112.0, 272.0, 39.0, 48.0, 35.0, 30.0, 48.0, 57.0, 80.0, 39.0, 48.0, 30.0, 48.0, 57.0, 80.0, 39.0, 48.0, 31.0, 31.0, 48.0, 30.0]","[1.0, -1.0, -1.0, -1.0, -1.0, -1.0, 1.0, -1.0, -1.0, -1.0, -1.0, 1.0, -1.0, 1.0, 1.0, -1.0, 1.0, -1.0, 1.0, -1.0, 1.0, -1.0, 1.0, -1.0, 1.0, -1.0, 1.0, 1.0, -1.0, 1.0]",66,"[0.0, 3.0, 3.0, 3.0, 3.0, 3.0, 61.0, 62.0, 62.0, 62.0, 63.0, 72.0, 93.0, 104.0, 30167.0, 30189.0, 60142.0, 60142.0, 60159.0, 60174.0, 90233.0, 90248.0, 120205.0, 120206.0, 120216.0, 120242.0, 120307.0, 120307.0, 120326.0, 150360.0]"
"[0.0, 3.0, 0.0, 0.0, 111.0, 0.0, 0.0, 5.0, 1.0, 0.0, 0.0, 1.0, 0.0, 5.0, 1.0, 3.0, 1575.0, 1.0, 0.0, 26.0, 13.0, 29.0, 28.0, 1.0, 15.0, 4593.0, 1.0, 70.0, 0.0, 0.0]","[1232.0, 1232.0, 169.0, 80.0, 1232.0, 169.0, 80.0, 84.0, 80.0, 42.0, 112.0, 80.0, 272.0, 46.0, 48.0, 48.0, 1232.0, 144.0, 48.0, 48.0, 48.0, 784.0, 48.0, 48.0, 48.0, 368.0, 48.0, 1232.0, 1232.0, 1072.0]","[1.0, -1.0, -1.0, -1.0, -1.0, -1.0, -1.0, 1.0, 1.0, -1.0, -1.0, 1.0, -1.0, 1.0, 1.0, 1.0, 1.0, 1.0, -1.0, 1.0, -1.0, -1.0, 1.0, 1.0, -1.0, 1.0, -1.0, -1.0, -1.0, -1.0]",28,"[0.0, 3.0, 3.0, 3.0, 114.0, 114.0, 114.0, 119.0, 120.0, 120.0, 120.0, 121.0, 121.0, 126.0, 127.0, 130.0, 1705.0, 1706.0, 1706.0, 1732.0, 1745.0, 1774.0, 1802.0, 1803.0, 1818.0, 6411.0, 6412.0, 6482.0, 6482.0, 6482.0]"
"[0.0, 0.0, 21.0, 0.0, 0.0, 10.0, 0.0, 1.0, 0.0, 0.0, 5.0, 1.0, 0.0, 8.0, 6.0, 0.0, 0.0, 1.0, 9.0, 0.0, 6.0, 20.0, 18205.0, 6.0, 0.0, 8.0, 10.0, 6.0, 0.0, 8.0]","[1250.0, 74.0, 1250.0, 782.0, 98.0, 79.0, 33.0, 734.0, 25.0, 378.0, 120.0, 29.0, 29.0, 33.0, 365.0, 25.0, 50.0, 25.0, 35.0, 35.0, 25.0, 33.0, 512.0, 111.0, 58.0, 35.0, 461.0, 48.0, 58.0, 35.0]","[1.0, 1.0, -1.0, -1.0, -1.0, 1.0, 1.0, 1.0, -1.0, 1.0, -1.0, -1.0, -1.0, 1.0, -1.0, -1.0, -1.0, -1.0, 1.0, 1.0, -1.0, 1.0, 1.0, -1.0, -1.0, 1.0, 1.0, -1.0, -1.0, 1.0]",41,"[0.0, 0.0, 21.0, 21.0, 21.0, 31.0, 31.0, 32.0, 32.0, 32.0, 37.0, 38.0, 38.0, 46.0, 52.0, 52.0, 52.0, 53.0, 62.0, 62.0, 68.0, 88.0, 18293.0, 18299.0, 18299.0, 18307.0, 18317.0, 18323.0, 18323.0, 18331.0]"
"[0.0, 6.0, 11.0, 3.0, 0.0, 3.0, 0.0, 6.0, 0.0, 3.0, 5.0, 20.0, 0.0, 6.0, 0.0, 11.0, 14.0, 26369.0, 7.0, 0.0, 0.0, 0.0, 0.0, 0.0, 0.0, 0.0, 0.0, 0.0, 0.0, 0.0]","[1357.0, 1357.0, 40.0, 1357.0, 1357.0, 1357.0, 520.0, 42.0, 42.0, 42.0, 43.0, 108.0, 70.0, 615.0, 96.0, 31.0, 28.0, 366.0, 30.0, 1353.0, 1357.0, 1357.0, 1357.0, 1357.0, 1357.0, 1357.0, 1357.0, 1357.0, 1357.0, 1357.0]","[1.0, -1.0, 1.0, -1.0, -1.0, -1.0, -1.0, 1.0, 1.0, 1.0, 1.0, 1.0, 1.0, -1.0, -1.0, 1.0, -1.0, 1.0, -1.0, -1.0, -1.0, -1.0, -1.0, -1.0, -1.0, -1.0, -1.0, -1.0, -1.0, -1.0]",49,"[0.0, 6.0, 17.0, 20.0, 20.0, 23.0, 23.0, 29.0, 29.0, 32.0, 37.0, 57.0, 57.0, 63.0, 63.0, 74.0, 88.0, 26457.0, 26464.0, 26464.0, 26464.0, 26464.0, 26464.0, 26464.0, 26464.0, 26464.0, 26464.0, 26464.0, 26464.0, 26464.0]"
"[0.0, 0.0, 1.0, 20.0, 0.0, 0.0, 0.0, 0.0, 5.0, 0.0, 0.0, 5.0, 22.0, 1.0, 4.0, 5.0, 22.0, 5909.0, 0.0, 6.0, 0.0, 5.0, 28.0, 1.0, 0.0, 0.0, 3.0, 2.0, 0.0, 6.0]","[1250.0, 80.0, 572.0, 1250.0, 781.0, 64.0, 25.0, 25.0, 79.0, 33.0, 33.0, 120.0, 588.0, 25.0, 35.0, 25.0, 33.0, 89.0, 339.0, 27.0, 27.0, 33.0, 139.0, 358.0, 25.0, 25.0, 35.0, 35.0, 33.0, 25.0]","[1.0, 1.0, 1.0, -1.0, -1.0, -1.0, -1.0, -1.0, 1.0, 1.0, 1.0, -1.0, -1.0, -1.0, 1.0, -1.0, 1.0, 1.0, 1.0, -1.0, -1.0, 1.0, -1.0, -1.0, -1.0, -1.0, 1.0, 1.0, 1.0, -1.0]",50,"[0.0, 0.0, 1.0, 21.0, 21.0, 21.0, 21.0, 21.0, 26.0, 26.0, 26.0, 31.0, 53.0, 54.0, 58.0, 63.0, 85.0, 5994.0, 5994.0, 6000.0, 6000.0, 6005.0, 6033.0, 6034.0, 6034.0, 6034.0, 6037.0, 6039.0, 6039.0, 6045.0]"
"[0.0, 0.0, 1.0, 0.0, 19.0, 0.0, 1.0, 0.0, 0.0, 9.0, 0.0, 0.0, 2.0, 0.0, 0.0, 0.0, 4.0, 2.0, 0.0, 0.0, 6.0, 0.0, 27.0, 8563.0, 0.0, 6.0, 0.0, 0.0, 6.0, 2.0]","[1250.0, 79.0, 244.0, 212.0, 1250.0, 783.0, 66.0, 25.0, 25.0, 79.0, 33.0, 33.0, 793.0, 509.0, 25.0, 25.0, 120.0, 35.0, 35.0, 33.0, 25.0, 25.0, 33.0, 209.0, 206.0, 27.0, 25.0, 25.0, 33.0, 576.0]","[1.0, 1.0, 1.0, 1.0, -1.0, -1.0, -1.0, -1.0, -1.0, 1.0, 1.0, 1.0, -1.0, -1.0, -1.0, -1.0, -1.0, 1.0, 1.0, 1.0, -1.0, -1.0, 1.0, 1.0, 1.0, -1.0, -1.0, -1.0, 1.0, -1.0]",19,"[0.0, 0.0, 1.0, 1.0, 20.0, 20.0, 21.0, 21.0, 21.0, 30.0, 30.0, 30.0, 32.0, 32.0, 32.0, 32.0, 36.0, 38.0, 38.0, 38.0, 44.0, 44.0, 71.0, 8634.0, 8634.0, 8640.0, 8640.0, 8640.0, 8646.0, 8648.0]"
"[0.0, 0.0, 2.0, 19.0, 0.0, 0.0, 1.0, 9.0, 0.0, 5.0, 7.0, 55.0, 10.0, 6.0, 8776.0, 6.0, 50.0, 19.0, 33.0, 0.0, 21.0, 0.0, 6.0, 100.0, 0.0, 6.0, 25.0, 33.0, 76.0, 0.0]","[1250.0, 80.0, 711.0, 1250.0, 628.0, 26.0, 25.0, 79.0, 33.0, 92.0, 33.0, 947.0, 36.0, 25.0, 217.0, 29.0, 25.0, 33.0, 1246.0, 1111.0, 37.0, 37.0, 25.0, 596.0, 407.0, 27.0, 25.0, 25.0, 33.0, 407.0]","[1.0, 1.0, 1.0, -1.0, -1.0, -1.0, -1.0, 1.0, 1.0, -1.0, 1.0, -1.0, 1.0, -1.0, 1.0, -1.0, -1.0, 1.0, -1.0, -1.0, 1.0, 1.0, -1.0, 1.0, 1.0, -1.0, -1.0, -1.0, 1.0, 1.0]",89,"[0.0, 0.0, 2.0, 21.0, 21.0, 21.0, 22.0, 31.0, 31.0, 36.0, 43.0, 98.0, 108.0, 114.0, 8890.0, 8896.0, 8946.0, 8965.0, 8998.0, 8998.0, 9019.0, 9019.0, 9025.0, 9125.0, 9125.0, 9131.0, 9156.0, 9189.0, 9265.0, 9265.0]"
"[0.0, 1.0, 1.0, 0.0, 6.0, 1.0, 0.0, 1.0, 0.0, 0.0, 0.0, 0.0, 0.0, 7.0, 1.0, 0.0, 0.0, 22.0, 21.0, 1857.0, 1.0, 40.0, 47.0, 28245.0, 1.0, 0.0, 1.0, 8.0, 1.0, 7.0]","[1250.0, 1200.0, 1200.0, 743.0, 1250.0, 53.0, 163.0, 584.0, 24.0, 24.0, 49.0, 1065.0, 23.0, 46.0, 45.0, 47.0, 28.0, 348.0, 45.0, 1061.0, 24.0, 314.0, 45.0, 1056.0, 23.0, 1057.0, 23.0, 1055.0, 23.0, 1105.0]","[1.0, -1.0, -1.0, -1.0, 1.0, 1.0, 1.0, -1.0, -1.0, -1.0, -1.0, 1.0, -1.0, 1.0, 1.0, 1.0, -1.0, -1.0, 1.0, 1.0, -1.0, -1.0, 1.0, 1.0, -1.0, 1.0, -1.0, 1.0, -1.0, 1.0]",14,"[0.0, 1.0, 2.0, 2.0, 8.0, 9.0, 9.0, 10.0, 10.0, 10.0, 10.0, 10.0, 10.0, 17.0, 18.0, 18.0, 18.0, 40.0, 61.0, 1918.0, 1919.0, 1959.0, 2006.0, 30251.0, 30252.0, 30252.0, 30253.0, 30261.0, 30262.0, 30269.0]"
"[0.0, 0.0, 21.0, 0.0, 0.0, 4.0, 0.0, 0.0, 6.0, 0.0, 4.0, 11.0, 0.0, 4.0, 26.0, 5.0, 26723.0, 0.0, 6.0, 15.0, 0.0, 3.0, 26.0, 5.0, 7213.0, 6.0, 14.0, 0.0, 3.0, 26.0]","[1250.0, 78.0, 1250.0, 787.0, 84.0, 79.0, 33.0, 502.0, 98.0, 29.0, 33.0, 969.0, 25.0, 35.0, 33.0, 25.0, 1246.0, 317.0, 27.0, 94.0, 25.0, 35.0, 33.0, 25.0, 374.0, 27.0, 63.0, 25.0, 35.0, 33.0]","[1.0, 1.0, -1.0, -1.0, -1.0, 1.0, 1.0, 1.0, -1.0, -1.0, 1.0, -1.0, -1.0, 1.0, 1.0, -1.0, 1.0, 1.0, -1.0, -1.0, -1.0, 1.0, 1.0, -1.0, 1.0, -1.0, -1.0, -1.0, 1.0, 1.0]",55,"[0.0, 0.0, 21.0, 21.0, 21.0, 25.0, 25.0, 25.0, 31.0, 31.0, 35.0, 46.0, 46.0, 50.0, 76.0, 81.0, 26804.0, 26804.0, 26810.0, 26825.0, 26825.0, 26828.0, 26854.0, 26859.0, 34072.0, 34078.0, 34092.0, 34092.0, 34095.0, 34121.0]"
"[0.0, 0.0, 20.0, 0.0, 0.0, 4.0, 1.0, 1.0, 0.0, 0.0, 0.0, 0.0, 4.0, 2.0, 0.0, 0.0, 4.0, 30.0, 0.0, 0.0, 4.0, 1.0, 30.0, 21855.0, 1.0, 5.0, 1.0, 4.0, 14.0, 0.0]","[1250.0, 80.0, 1250.0, 790.0, 69.0, 79.0, 33.0, 1246.0, 1246.0, 1250.0, 1250.0, 104.0, 126.0, 25.0, 29.0, 25.0, 33.0, 1246.0, 425.0, 212.0, 35.0, 33.0, 25.0, 1051.0, 1156.0, 27.0, 27.0, 33.0, 187.0, 25.0]","[1.0, 1.0, -1.0, -1.0, -1.0, 1.0, 1.0, 1.0, 1.0, 1.0, 1.0, 1.0, -1.0, -1.0, -1.0, -1.0, 1.0, -1.0, -1.0, -1.0, 1.0, 1.0, -1.0, 1.0, 1.0, -1.0, -1.0, 1.0, -1.0, -1.0]",101,"[0.0, 0.0, 20.0, 20.0, 20.0, 24.0, 25.0, 26.0, 26.0, 26.0, 26.0, 26.0, 30.0, 32.0, 32.0, 32.0, 36.0, 66.0, 66.0, 66.0, 70.0, 71.0, 101.0, 21956.0, 21957.0, 21962.0, 21963.0, 21967.0, 21981.0, 21981.0]"
"[0.0, 0.0, 0.0, 21.0, 0.0, 0.0, 0.0, 12.0, 0.0, 6.0, 0.0, 9.0, 34.0, 47.0, 1.0, 31.0, 6.0, 4.0, 13985.0, 6.0, 40.0, 68.0, 1.0, 10.0, 25.0, 6.0, 23626.0, 6.0, 19.0, 0.0]","[1250.0, 78.0, 517.0, 1250.0, 790.0, 104.0, 25.0, 78.0, 33.0, 120.0, 25.0, 33.0, 33.0, 292.0, 25.0, 35.0, 25.0, 33.0, 242.0, 29.0, 33.0, 67.0, 25.0, 35.0, 33.0, 25.0, 356.0, 27.0, 213.0, 180.0]","[1.0, 1.0, 1.0, -1.0, -1.0, -1.0, -1.0, 1.0, 1.0, -1.0, -1.0, 1.0, 1.0, -1.0, -1.0, 1.0, -1.0, 1.0, 1.0, -1.0, 1.0, -1.0, -1.0, 1.0, 1.0, -1.0, 1.0, -1.0, -1.0, -1.0]",59,"[0.0, 0.0, 0.0, 21.0, 21.0, 21.0, 21.0, 33.0, 33.0, 39.0, 39.0, 48.0, 82.0, 129.0, 130.0, 161.0, 167.0, 171.0, 14156.0, 14162.0, 14202.0, 14270.0, 14271.0, 14281.0, 14306.0, 14312.0, 37938.0, 37944.0, 37963.0, 37963.0]"
"[0.0, 0.0, 21.0, 0.0, 4.0, 1.0, 0.0, 1.0, 0.0, 0.0, 0.0, 0.0, 4.0, 1.0, 1.0, 0.0, 0.0, 4.0, 22.0, 3.0, 11.0, 1.0, 1.0, 0.0, 2.0, 1.0, 6.0, 24.0, 10853.0, 0.0]","[1250.0, 80.0, 1250.0, 628.0, 79.0, 33.0, 1246.0, 1246.0, 1250.0, 206.0, 1246.0, 901.0, 127.0, 25.0, 29.0, 25.0, 25.0, 34.0, 25.0, 33.0, 934.0, 144.0, 639.0, 105.0, 35.0, 35.0, 25.0, 33.0, 1246.0, 1250.0]","[1.0, 1.0, -1.0, -1.0, 1.0, 1.0, 1.0, 1.0, 1.0, 1.0, 1.0, 1.0, -1.0, -1.0, -1.0, -1.0, -1.0, 1.0, -1.0, 1.0, -1.0, -1.0, -1.0, -1.0, 1.0, 1.0, -1.0, 1.0, 1.0, 1.0]",55,"[0.0, 0.0, 21.0, 21.0, 25.0, 26.0, 26.0, 27.0, 27.0, 27.0, 27.0, 27.0, 31.0, 32.0, 33.0, 33.0, 33.0, 37.0, 59.0, 62.0, 73.0, 74.0, 75.0, 75.0, 77.0, 78.0, 84.0, 108.0, 10961.0, 10961.0]"
"[0.0, 0.0, 0.0, 1.0, 1.0, 0.0, 0.0, 0.0, 4.0, 0.0, 0.0, 0.0, 0.0, 0.0, 4.0, 184.0, 29.0, 3762.0, 0.0, 0.0, 126.0, 30.0, 5493.0, 0.0, 183.0, 0.0, 0.0, 119.0, 30.0, 685.0]","[1350.0, 77.0, 912.0, 1200.0, 52.0, 24.0, 24.0, 49.0, 90.0, 45.0, 45.0, 47.0, 22.0, 28.0, 45.0, 590.0, 45.0, 1344.0, 475.0, 23.0, 483.0, 45.0, 917.0, 23.0, 1344.0, 545.0, 23.0, 480.0, 45.0, 490.0]","[1.0, 1.0, 1.0, -1.0, -1.0, -1.0, -1.0, -1.0, 1.0, 1.0, 1.0, 1.0, -1.0, -1.0, 1.0, -1.0, 1.0, 1.0, 1.0, -1.0, -1.0, 1.0, 1.0, -1.0, 1.0, 1.0, -1.0, -1.0, 1.0, -1.0]",17,"[0.0, 0.0, 0.0, 1.0, 2.0, 2.0, 2.0, 2.0, 6.0, 6.0, 6.0, 6.0, 6.0, 6.0, 10.0, 194.0, 223.0, 3985.0, 3985.0, 3985.0, 4111.0, 4141.0, 9634.0, 9634.0, 9817.0, 9817.0, 9817.0, 9936.0, 9966.0, 10651.0]"
"[0.0, 20.0, 10.0, 0.0, 1.0, 5.0, 0.0, 0.0, 9.0, 17.0, 9.0, 86.0, 8.0, 31.0, 6710.0, 1.0, 5.0, 27.0, 19.0, 7.0, 19.0, 48.0, 8.0, 31.0, 44937.0, 6.0, 0.0, 31.0, 4.0, 88.0]","[1250.0, 1250.0, 167.0, 541.0, 1102.0, 518.0, 93.0, 27.0, 34.0, 25.0, 33.0, 227.0, 35.0, 25.0, 157.0, 459.0, 27.0, 25.0, 25.0, 33.0, 33.0, 60.0, 37.0, 25.0, 159.0, 509.0, 27.0, 25.0, 33.0, 60.0]","[1.0, -1.0, 1.0, 1.0, 1.0, -1.0, -1.0, -1.0, 1.0, -1.0, 1.0, -1.0, 1.0, -1.0, 1.0, 1.0, -1.0, -1.0, -1.0, 1.0, 1.0, -1.0, 1.0, -1.0, 1.0, 1.0, -1.0, -1.0, 1.0, -1.0]",89,"[0.0, 20.0, 30.0, 30.0, 31.0, 36.0, 36.0, 36.0, 45.0, 62.0, 71.0, 157.0, 165.0, 196.0, 6906.0, 6907.0, 6912.0, 6939.0, 6958.0, 6965.0, 6984.0, 7032.0, 7040.0, 7071.0, 52008.0, 52014.0, 52014.0, 52045.0, 52049.0, 52137.0]"
"[0.0, 0.0, 0.0, 21.0, 0.0, 0.0, 0.0, 9.0, 0.0, 6.0, 0.0, 8.0, 26.0, 53.0, 0.0, 9.0, 6.0, 20.0, 11775.0, 6.0, 35.0, 67.0, 0.0, 9.0, 26.0, 5.0, 250.0, 6.0, 35.0, 68.0]","[1250.0, 80.0, 517.0, 1250.0, 786.0, 108.0, 25.0, 78.0, 33.0, 120.0, 25.0, 33.0, 33.0, 292.0, 25.0, 35.0, 25.0, 33.0, 241.0, 27.0, 33.0, 67.0, 25.0, 35.0, 33.0, 25.0, 252.0, 27.0, 33.0, 110.0]","[1.0, 1.0, 1.0, -1.0, -1.0, -1.0, -1.0, 1.0, 1.0, -1.0, -1.0, 1.0, 1.0, -1.0, -1.0, 1.0, -1.0, 1.0, 1.0, -1.0, 1.0, -1.0, -1.0, 1.0, 1.0, -1.0, 1.0, -1.0, 1.0, -1.0]",59,"[0.0, 0.0, 0.0, 21.0, 21.0, 21.0, 21.0, 30.0, 30.0, 36.0, 36.0, 44.0, 70.0, 123.0, 123.0, 132.0, 138.0, 158.0, 11933.0, 11939.0, 11974.0, 12041.0, 12041.0, 12050.0, 12076.0, 12081.0, 12331.0, 12337.0, 12372.0, 12440.0]"
"[0.0, 0.0, 0.0, 47.0, 0.0, 1.0, 0.0, 0.0, 2.0, 0.0, 1.0, 26.0, 3.0, 0.0, 3.0, 25.0, 1.0, 3312.0, 27.0, 29.0, 2.0, 1.0, 2.0, 27.0, 25.0, 6266.0, 26.0, 30.0, 2.0, 0.0]","[1250.0, 80.0, 579.0, 1250.0, 783.0, 111.0, 25.0, 25.0, 78.0, 33.0, 33.0, 120.0, 401.0, 223.0, 35.0, 33.0, 25.0, 157.0, 29.0, 33.0, 129.0, 112.0, 35.0, 33.0, 25.0, 153.0, 27.0, 33.0, 125.0, 216.0]","[1.0, 1.0, 1.0, -1.0, -1.0, -1.0, -1.0, -1.0, 1.0, 1.0, 1.0, -1.0, -1.0, -1.0, 1.0, 1.0, -1.0, 1.0, -1.0, 1.0, -1.0, -1.0, 1.0, 1.0, -1.0, 1.0, -1.0, 1.0, -1.0, -1.0]",43,"[0.0, 0.0, 0.0, 47.0, 47.0, 48.0, 48.0, 48.0, 50.0, 50.0, 51.0, 77.0, 80.0, 80.0, 83.0, 108.0, 109.0, 3421.0, 3448.0, 3477.0, 3479.0, 3480.0, 3482.0, 3509.0, 3534.0, 9800.0, 9826.0, 9856.0, 9858.0, 9858.0]"
"[0.0, 0.0, 20.0, 0.0, 8.0, 0.0, 1.0, 0.0, 0.0, 0.0, 2.0, 3.0, 1.0, 0.0, 1.0, 7.0, 33.0, 0.0, 8.0, 28.0, 3.0, 11040.0, 0.0, 0.0, 6.0, 0.0, 35.0, 3.0, 0.0, 8.0]","[1250.0, 79.0, 1250.0, 614.0, 78.0, 33.0, 1246.0, 1246.0, 1250.0, 48.0, 26.0, 120.0, 25.0, 25.0, 25.0, 33.0, 934.0, 174.0, 35.0, 33.0, 25.0, 1246.0, 1250.0, 105.0, 27.0, 25.0, 33.0, 672.0, 42.0, 35.0]","[1.0, 1.0, -1.0, -1.0, 1.0, 1.0, 1.0, 1.0, 1.0, 1.0, -1.0, -1.0, -1.0, -1.0, -1.0, 1.0, -1.0, -1.0, 1.0, 1.0, -1.0, 1.0, 1.0, 1.0, -1.0, -1.0, 1.0, -1.0, -1.0, 1.0]",55,"[0.0, 0.0, 20.0, 20.0, 28.0, 28.0, 29.0, 29.0, 29.0, 29.0, 31.0, 34.0, 35.0, 35.0, 36.0, 43.0, 76.0, 76.0, 84.0, 112.0, 115.0, 11155.0, 11155.0, 11155.0, 11161.0, 11161.0, 11196.0, 11199.0, 11199.0, 11207.0]"
"[0.0, 13.0, 8.0, 0.0, 0.0, 9.0, 0.0, 0.0, 0.0, 6.0, 0.0, 1.0, 8.0, 8.0, 0.0, 7.0, 27.0, 5.0, 496.0, 6.0, 17.0, 0.0, 7.0, 26.0, 6.0, 9346.0, 6.0, 15.0, 1.0, 7.0]","[1250.0, 80.0, 1250.0, 779.0, 80.0, 78.0, 33.0, 1246.0, 1023.0, 126.0, 25.0, 29.0, 34.0, 342.0, 25.0, 35.0, 33.0, 25.0, 621.0, 27.0, 247.0, 25.0, 35.0, 33.0, 25.0, 941.0, 27.0, 66.0, 25.0, 35.0]","[1.0, 1.0, -1.0, -1.0, -1.0, 1.0, 1.0, 1.0, 1.0, -1.0, -1.0, -1.0, 1.0, -1.0, -1.0, 1.0, 1.0, -1.0, 1.0, -1.0, -1.0, -1.0, 1.0, 1.0, -1.0, 1.0, -1.0, -1.0, -1.0, 1.0]",101,"[0.0, 13.0, 21.0, 21.0, 21.0, 30.0, 30.0, 30.0, 30.0, 36.0, 36.0, 37.0, 45.0, 53.0, 53.0, 60.0, 87.0, 92.0, 588.0, 594.0, 611.0, 611.0, 618.0, 644.0, 650.0, 9996.0, 10002.0, 10017.0, 10018.0, 10025.0]"
"[0.0, 2.0, 0.0, 0.0, 86.0, 1.0, 0.0, 0.0, 0.0, 0.0, 2.0, 20.0, 22.0, 10.0, 25.0, 2.0, 1254.0, 1.0, 0.0, 1.0, 7.0, 0.0, 7.0, 33.0, 31.0, 23.0, 20012.0, 27.0, 20042.0, 27.0]","[1252.0, 1232.0, 191.0, 80.0, 1252.0, 1252.0, 485.0, 39.0, 112.0, 48.0, 272.0, 35.0, 528.0, 31.0, 35.0, 48.0, 170.0, 48.0, 1252.0, 285.0, 31.0, 34.0, 48.0, 272.0, 39.0, 48.0, 30.0, 48.0, 30.0, 48.0]","[1.0, -1.0, -1.0, -1.0, 1.0, 1.0, 1.0, -1.0, -1.0, -1.0, -1.0, 1.0, -1.0, 1.0, 1.0, -1.0, 1.0, -1.0, 1.0, 1.0, 1.0, 1.0, -1.0, -1.0, 1.0, -1.0, 1.0, -1.0, 1.0, -1.0]",66,"[0.0, 2.0, 2.0, 2.0, 88.0, 89.0, 89.0, 89.0, 89.0, 89.0, 91.0, 111.0, 133.0, 143.0, 168.0, 170.0, 1424.0, 1425.0, 1425.0, 1426.0, 1433.0, 1433.0, 1440.0, 1473.0, 1504.0, 1527.0, 21539.0, 21566.0, 41608.0, 41635.0]"
"[0.0, 3.0, 0.0, 0.0, 0.0, 0.0, 85.0, 0.0, 1.0, 0.0, 0.0, 0.0, 2.0, 7.0, 21.0, 30041.0, 19.0, 29997.0, 1.0, 9.0, 22.0, 30013.0, 24.0, 32012.0, 0.0, 0.0, 1.0, 16.0, 212.0, 22.0]","[1252.0, 1232.0, 1232.0, 1232.0, 746.0, 80.0, 1252.0, 75.0, 39.0, 112.0, 112.0, 38.0, 272.0, 39.0, 48.0, 30.0, 48.0, 57.0, 80.0, 39.0, 48.0, 30.0, 48.0, 57.0, 57.0, 48.0, 80.0, 48.0, 39.0, 48.0]","[1.0, -1.0, -1.0, -1.0, -1.0, -1.0, 1.0, 1.0, -1.0, -1.0, -1.0, -1.0, -1.0, 1.0, -1.0, 1.0, -1.0, 1.0, -1.0, 1.0, -1.0, 1.0, -1.0, 1.0, 1.0, -1.0, -1.0, -1.0, 1.0, -1.0]",66,"[0.0, 3.0, 3.0, 3.0, 3.0, 3.0, 88.0, 88.0, 89.0, 89.0, 89.0, 89.0, 91.0, 98.0, 119.0, 30160.0, 30179.0, 60176.0, 60177.0, 60186.0, 60208.0, 90221.0, 90245.0, 122257.0, 122257.0, 122257.0, 122258.0, 122274.0, 122486.0, 122508.0]"
"[0.0, 0.0, 20.0, 0.0, 0.0, 10.0, 0.0, 1.0, 1.0, 0.0, 4.0, 2.0, 0.0, 8.0, 19.0, 1.0, 0.0, 11.0, 0.0, 32.0, 13024.0, 0.0, 6.0, 25.0, 16.0, 14.0, 0.0, 0.0, 13.0, 1.0]","[1250.0, 78.0, 1250.0, 784.0, 85.0, 79.0, 33.0, 25.0, 1246.0, 778.0, 120.0, 29.0, 25.0, 34.0, 818.0, 34.0, 108.0, 35.0, 33.0, 25.0, 1246.0, 146.0, 27.0, 25.0, 33.0, 412.0, 34.0, 135.0, 35.0, 33.0]","[1.0, 1.0, -1.0, -1.0, -1.0, 1.0, 1.0, -1.0, 1.0, 1.0, -1.0, -1.0, -1.0, 1.0, -1.0, -1.0, -1.0, 1.0, 1.0, -1.0, 1.0, 1.0, -1.0, -1.0, 1.0, -1.0, -1.0, -1.0, 1.0, 1.0]",59,"[0.0, 0.0, 20.0, 20.0, 20.0, 30.0, 30.0, 31.0, 32.0, 32.0, 36.0, 38.0, 38.0, 46.0, 65.0, 66.0, 66.0, 77.0, 77.0, 109.0, 13133.0, 13133.0, 13139.0, 13164.0, 13180.0, 13194.0, 13194.0, 13194.0, 13207.0, 13208.0]"
"[0.0, 1.0, 0.0, 8.0, 0.0, 0.0, 0.0, 0.0, 0.0, 0.0, 16.0, 23.0, 1.0, 6.0, 0.0, 2.0, 0.0, 0.0, 1.0, 2.0, 33.0, 7.0, 0.0, 98.0, 33.0, 14829.0, 1.0, 139.0, 0.0, 7.0]","[1350.0, 1200.0, 1200.0, 1350.0, 47.0, 24.0, 24.0, 49.0, 1350.0, 1200.0, 187.0, 1350.0, 1200.0, 91.0, 23.0, 139.0, 990.0, 31.0, 26.0, 174.0, 45.0, 45.0, 25.0, 840.0, 45.0, 1013.0, 23.0, 935.0, 29.0, 45.0]","[1.0, -1.0, -1.0, 1.0, -1.0, -1.0, -1.0, -1.0, 1.0, -1.0, -1.0, 1.0, -1.0, 1.0, -1.0, 1.0, 1.0, -1.0, -1.0, 1.0, 1.0, 1.0, -1.0, -1.0, 1.0, 1.0, -1.0, -1.0, -1.0, 1.0]",17,"[0.0, 1.0, 1.0, 9.0, 9.0, 9.0, 9.0, 9.0, 9.0, 9.0, 25.0, 48.0, 49.0, 55.0, 55.0, 57.0, 57.0, 57.0, 58.0, 60.0, 93.0, 100.0, 100.0, 198.0, 231.0, 15060.0, 15061.0, 15200.0, 15200.0, 15207.0]"
"[0.0, 0.0, 20.0, 0.0, 0.0, 9.0, 0.0, 0.0, 2.0, 4.0, 0.0, 8.0, 7.0, 0.0, 8.0, 26.0, 5.0, 11679.0, 0.0, 6.0, 0.0, 8.0, 6.0, 1.0, 0.0, 0.0, 7.0, 0.0, 1.0, 5.0]","[1250.0, 78.0, 1250.0, 784.0, 88.0, 79.0, 33.0, 523.0, 25.0, 120.0, 29.0, 34.0, 969.0, 25.0, 35.0, 33.0, 25.0, 1004.0, 335.0, 27.0, 27.0, 33.0, 63.0, 69.0, 25.0, 25.0, 35.0, 35.0, 33.0, 25.0]","[1.0, 1.0, -1.0, -1.0, -1.0, 1.0, 1.0, 1.0, -1.0, -1.0, -1.0, 1.0, -1.0, -1.0, 1.0, 1.0, -1.0, 1.0, 1.0, -1.0, -1.0, 1.0, -1.0, -1.0, -1.0, -1.0, 1.0, 1.0, 1.0, -1.0]",55,"[0.0, 0.0, 20.0, 20.0, 20.0, 29.0, 29.0, 29.0, 31.0, 35.0, 35.0, 43.0, 50.0, 50.0, 58.0, 84.0, 89.0, 11768.0, 11768.0, 11774.0, 11774.0, 11782.0, 11788.0, 11789.0, 11789.0, 11789.0, 11796.0, 11796.0, 11797.0, 11802.0]"
"[0.0, 6.0, 14.0, 0.0, 0.0, 6.0, 39.0, 78.0, 83.0, 0.0, 0.0, 6.0, 0.0, 0.0, 11.0, 0.0, 0.0, 1.0, 0.0, 5.0, 136.0, 0.0, 0.0, 20.0, 0.0, 32.0, 11017.0, 6.0, 42.0, 16.0]","[1250.0, 1250.0, 1250.0, 1250.0, 1250.0, 1235.0, 1250.0, 1250.0, 68.0, 412.0, 158.0, 860.0, 137.0, 29.0, 489.0, 160.0, 33.0, 33.0, 33.0, 29.0, 310.0, 181.0, 101.0, 35.0, 33.0, 25.0, 189.0, 27.0, 33.0, 758.0]","[1.0, -1.0, 1.0, -1.0, -1.0, -1.0, -1.0, -1.0, 1.0, 1.0, 1.0, -1.0, -1.0, -1.0, 1.0, 1.0, 1.0, 1.0, 1.0, -1.0, -1.0, -1.0, -1.0, 1.0, 1.0, -1.0, 1.0, -1.0, 1.0, -1.0]",55,"[0.0, 6.0, 20.0, 20.0, 20.0, 26.0, 65.0, 143.0, 226.0, 226.0, 226.0, 232.0, 232.0, 232.0, 243.0, 243.0, 243.0, 244.0, 244.0, 249.0, 385.0, 385.0, 385.0, 405.0, 405.0, 437.0, 11454.0, 11460.0, 11502.0, 11518.0]"
"[0.0, 0.0, 2.0, 19.0, 0.0, 0.0, 0.0, 1.0, 0.0, 0.0, 0.0, 7.0, 0.0, 0.0, 1.0, 1.0, 4.0, 1.0, 2.0, 21869.0, 6.0, 0.0, 0.0, 0.0, 0.0, 4.0, 1.0, 26.0, 4.0, 9141.0]","[1250.0, 74.0, 220.0, 1250.0, 786.0, 69.0, 25.0, 1246.0, 1250.0, 1250.0, 723.0, 1250.0, 73.0, 33.0, 35.0, 33.0, 121.0, 25.0, 33.0, 142.0, 29.0, 1246.0, 1250.0, 1250.0, 339.0, 35.0, 33.0, 33.0, 25.0, 145.0]","[1.0, 1.0, 1.0, -1.0, -1.0, -1.0, -1.0, -1.0, -1.0, -1.0, -1.0, 1.0, 1.0, 1.0, 1.0, 1.0, -1.0, -1.0, 1.0, 1.0, -1.0, -1.0, -1.0, -1.0, -1.0, 1.0, 1.0, 1.0, -1.0, 1.0]",101,"[0.0, 0.0, 2.0, 21.0, 21.0, 21.0, 21.0, 22.0, 22.0, 22.0, 22.0, 29.0, 29.0, 29.0, 30.0, 31.0, 35.0, 36.0, 38.0, 21907.0, 21913.0, 21913.0, 21913.0, 21913.0, 21913.0, 21917.0, 21918.0, 21944.0, 21948.0, 31089.0]"
"[0.0, 3.0, 0.0, 0.0, 22.0, 0.0, 0.0, 2.0, 5.0, 1.0, 6.0, 9.0, 134.0, 0.0, 0.0, 0.0, 12.0, 4.0, 0.0, 16.0, 20158.0, 21.0, 20025.0, 17.0, 20040.0, 23.0, 20026.0, 13.0, 20077.0, 23.0]","[1252.0, 1232.0, 192.0, 80.0, 1252.0, 39.0, 112.0, 272.0, 1084.0, 48.0, 35.0, 35.0, 1232.0, 1232.0, 112.0, 48.0, 31.0, 31.0, 35.0, 48.0, 30.0, 48.0, 30.0, 48.0, 30.0, 48.0, 30.0, 48.0, 30.0, 48.0]","[1.0, -1.0, -1.0, -1.0, 1.0, -1.0, -1.0, -1.0, 1.0, -1.0, 1.0, 1.0, -1.0, -1.0, -1.0, -1.0, 1.0, 1.0, 1.0, -1.0, 1.0, -1.0, 1.0, -1.0, 1.0, -1.0, 1.0, -1.0, 1.0, -1.0]",66,"[0.0, 3.0, 3.0, 3.0, 25.0, 25.0, 25.0, 27.0, 32.0, 33.0, 39.0, 48.0, 182.0, 182.0, 182.0, 182.0, 194.0, 198.0, 198.0, 214.0, 20372.0, 20393.0, 40418.0, 40435.0, 60475.0, 60498.0, 80524.0, 80537.0, 100614.0, 100637.0]"
"[0.0, 7.0, 0.0, 1.0, 8.0, 1.0, 0.0, 1.0, 0.0, 0.0, 1.0, 0.0, 0.0, 1.0, 0.0, 0.0, 3.0, 0.0, 1.0, 6.0, 16.0, 16.0, 29.0, 28.0, 45145.0, 0.0, 0.0, 0.0, 0.0, 0.0]","[1232.0, 1232.0, 169.0, 80.0, 1232.0, 84.0, 1232.0, 1232.0, 1232.0, 1232.0, 1232.0, 1232.0, 1232.0, 1232.0, 1232.0, 240.0, 42.0, 112.0, 272.0, 48.0, 48.0, 592.0, 48.0, 48.0, 1232.0, 1232.0, 1232.0, 1232.0, 1232.0, 1232.0]","[1.0, -1.0, -1.0, -1.0, 1.0, 1.0, 1.0, 1.0, 1.0, 1.0, 1.0, 1.0, 1.0, 1.0, 1.0, 1.0, -1.0, -1.0, -1.0, 1.0, -1.0, -1.0, 1.0, -1.0, 1.0, 1.0, 1.0, 1.0, 1.0, 1.0]",28,"[0.0, 7.0, 7.0, 8.0, 16.0, 17.0, 17.0, 18.0, 18.0, 18.0, 19.0, 19.0, 19.0, 20.0, 20.0, 20.0, 23.0, 23.0, 24.0, 30.0, 46.0, 62.0, 91.0, 119.0, 45264.0, 45264.0, 45264.0, 45264.0, 45264.0, 45264.0]"
"[0.0, 2.0, 0.0, 0.0, 27.0, 0.0, 1.0, 0.0, 1.0, 3.0, 6546.0, 0.0, 0.0, 0.0, 0.0, 0.0, 0.0, 1.0, 20.0, 5.0, 2412.0, 0.0, 0.0, 0.0, 0.0, 0.0, 0.0, 1.0, 0.0, 0.0]","[1232.0, 1232.0, 168.0, 80.0, 84.0, 80.0, 42.0, 112.0, 272.0, 48.0, 1232.0, 1232.0, 1232.0, 1232.0, 1232.0, 112.0, 48.0, 48.0, 48.0, 48.0, 1232.0, 1232.0, 272.0, 1232.0, 1232.0, 1232.0, 944.0, 1232.0, 1232.0, 1232.0]","[1.0, -1.0, -1.0, -1.0, 1.0, 1.0, -1.0, -1.0, -1.0, 1.0, 1.0, 1.0, 1.0, 1.0, 1.0, 1.0, 1.0, -1.0, -1.0, 1.0, -1.0, -1.0, -1.0, -1.0, -1.0, -1.0, -1.0, -1.0, -1.0, -1.0]",66,"[0.0, 2.0, 2.0, 2.0, 29.0, 29.0, 30.0, 30.0, 31.0, 34.0, 6580.0, 6580.0, 6580.0, 6580.0, 6580.0, 6580.0, 6580.0, 6581.0, 6601.0, 6606.0, 9018.0, 9018.0, 9018.0, 9018.0, 9018.0, 9018.0, 9018.0, 9019.0, 9019.0, 9019.0]"
"[0.0, 20.0, 0.0, 0.0, 5.0, 0.0, 6.0, 5.0, 51.0, 6.0, 15499.0, 6.0, 0.0, 0.0, 0.0, 0.0, 0.0, 0.0, 0.0, 0.0, 0.0, 0.0, 0.0, 0.0, 0.0, 2.0, 0.0, 0.0, 0.0, 0.0]","[1250.0, 1250.0, 779.0, 86.0, 78.0, 33.0, 120.0, 33.0, 71.0, 25.0, 522.0, 581.0, 1246.0, 1250.0, 1250.0, 1250.0, 1250.0, 1250.0, 1250.0, 1250.0, 1250.0, 1250.0, 1250.0, 1250.0, 1250.0, 1250.0, 1250.0, 1250.0, 1250.0, 1250.0]","[1.0, -1.0, -1.0, -1.0, 1.0, 1.0, -1.0, 1.0, 1.0, -1.0, 1.0, -1.0, -1.0, -1.0, -1.0, -1.0, -1.0, -1.0, -1.0, -1.0, -1.0, -1.0, -1.0, -1.0, -1.0, -1.0, -1.0, -1.0, -1.0, -1.0]",49,"[0.0, 20.0, 20.0, 20.0, 25.0, 25.0, 31.0, 36.0, 87.0, 93.0, 15592.0, 15598.0, 15598.0, 15598.0, 15598.0, 15598.0, 15598.0, 15598.0, 15598.0, 15598.0, 15598.0, 15598.0, 15598.0, 15598.0, 15598.0, 15600.0, 15600.0, 15600.0, 15600.0, 15600.0]"
"[0.0, 3.0, 0.0, 0.0, 0.0, 0.0, 28.0, 0.0, 0.0, 1.0, 0.0, 1.0, 49.0, 23.0, 30061.0, 20.0, 29954.0, 1.0, 11.0, 18.0, 30076.0, 12.0, 29947.0, 0.0, 12.0, 23.0, 30070.0, 25.0, 29944.0, 1.0]","[1252.0, 1232.0, 1232.0, 1232.0, 747.0, 80.0, 1252.0, 38.0, 112.0, 112.0, 34.0, 272.0, 39.0, 48.0, 30.0, 48.0, 104.0, 80.0, 39.0, 48.0, 30.0, 48.0, 57.0, 80.0, 39.0, 48.0, 30.0, 48.0, 57.0, 80.0]","[1.0, -1.0, -1.0, -1.0, -1.0, -1.0, 1.0, -1.0, -1.0, -1.0, 1.0, -1.0, 1.0, -1.0, 1.0, -1.0, 1.0, -1.0, 1.0, -1.0, 1.0, -1.0, 1.0, -1.0, 1.0, -1.0, 1.0, -1.0, 1.0, -1.0]",66,"[0.0, 3.0, 3.0, 3.0, 3.0, 3.0, 31.0, 31.0, 31.0, 32.0, 32.0, 33.0, 82.0, 105.0, 30166.0, 30186.0, 60140.0, 60141.0, 60152.0, 60170.0, 90246.0, 90258.0, 120205.0, 120205.0, 120217.0, 120240.0, 150310.0, 150335.0, 180279.0, 180280.0]"
"[0.0, 0.0, 1.0, 0.0, 20.0, 0.0, 0.0, 0.0, 0.0, 0.0, 1.0, 7.0, 0.0, 41.0, 0.0, 5.0, 0.0, 0.0, 0.0, 0.0, 1.0, 4.0, 0.0, 4.0, 0.0, 5.0, 11495.0, 1.0, 5.0, 1.0]","[1250.0, 76.0, 244.0, 212.0, 1250.0, 789.0, 60.0, 25.0, 25.0, 794.0, 26.0, 530.0, 26.0, 1250.0, 78.0, 33.0, 33.0, 35.0, 35.0, 1250.0, 120.0, 25.0, 25.0, 117.0, 33.0, 27.0, 195.0, 192.0, 31.0, 31.0]","[1.0, 1.0, 1.0, 1.0, -1.0, -1.0, -1.0, -1.0, -1.0, -1.0, -1.0, -1.0, -1.0, 1.0, 1.0, 1.0, 1.0, 1.0, 1.0, -1.0, -1.0, -1.0, -1.0, 1.0, 1.0, -1.0, 1.0, 1.0, -1.0, -1.0]",19,"[0.0, 0.0, 1.0, 1.0, 21.0, 21.0, 21.0, 21.0, 21.0, 21.0, 22.0, 29.0, 29.0, 70.0, 70.0, 75.0, 75.0, 75.0, 75.0, 75.0, 76.0, 80.0, 80.0, 84.0, 84.0, 89.0, 11584.0, 11585.0, 11590.0, 11591.0]"
"[0.0, 3.0, 0.0, 0.0, 10.0, 0.0, 0.0, 0.0, 0.0, 0.0, 0.0, 0.0, 0.0, 0.0, 1.0, 0.0, 0.0, 0.0, 0.0, 1.0, 0.0, 11.0, 0.0, 0.0, 0.0, 19.0, 21.0, 9.0, 21.0, 59923.0]","[1232.0, 1232.0, 169.0, 80.0, 1232.0, 84.0, 1232.0, 1232.0, 1232.0, 1232.0, 1232.0, 42.0, 112.0, 1232.0, 1232.0, 1232.0, 1232.0, 1232.0, 1232.0, 48.0, 272.0, 1232.0, 1232.0, 1168.0, 48.0, 48.0, 592.0, 48.0, 48.0, 38.0]","[1.0, -1.0, -1.0, -1.0, 1.0, 1.0, 1.0, 1.0, 1.0, 1.0, 1.0, -1.0, -1.0, 1.0, 1.0, 1.0, 1.0, 1.0, 1.0, -1.0, -1.0, 1.0, 1.0, 1.0, 1.0, -1.0, -1.0, 1.0, -1.0, 1.0]",28,"[0.0, 3.0, 3.0, 3.0, 13.0, 13.0, 13.0, 13.0, 13.0, 13.0, 13.0, 13.0, 13.0, 13.0, 14.0, 14.0, 14.0, 14.0, 14.0, 15.0, 15.0, 26.0, 26.0, 26.0, 26.0, 45.0, 66.0, 75.0, 96.0, 60019.0]"
"[0.0, 3.0, 0.0, 0.0, 7.0, 2.0, 0.0, 0.0, 0.0, 0.0, 0.0, 0.0, 0.0, 0.0, 0.0, 0.0, 0.0, 1.0, 0.0, 1.0, 1.0, 3.0, 1.0, 22.0, 22.0, 6.0, 25.0, 59917.0, 1.0, 10.0]","[1232.0, 1232.0, 168.0, 80.0, 1232.0, 84.0, 1232.0, 1232.0, 1232.0, 1232.0, 1232.0, 1232.0, 1232.0, 1232.0, 1232.0, 1232.0, 1232.0, 42.0, 112.0, 48.0, 272.0, 656.0, 48.0, 48.0, 624.0, 48.0, 48.0, 38.0, 33.0, 38.0]","[1.0, -1.0, -1.0, -1.0, 1.0, 1.0, 1.0, 1.0, 1.0, 1.0, 1.0, 1.0, 1.0, 1.0, 1.0, 1.0, 1.0, -1.0, -1.0, -1.0, -1.0, 1.0, 1.0, -1.0, -1.0, 1.0, -1.0, 1.0, -1.0, 1.0]",28,"[0.0, 3.0, 3.0, 3.0, 10.0, 12.0, 12.0, 12.0, 12.0, 12.0, 12.0, 12.0, 12.0, 12.0, 12.0, 12.0, 12.0, 13.0, 13.0, 14.0, 15.0, 18.0, 19.0, 41.0, 63.0, 69.0, 94.0, 60011.0, 60012.0, 60022.0]"
"[0.0, 3.0, 0.0, 0.0, 12.0, 0.0, 0.0, 0.0, 0.0, 0.0, 0.0, 1.0, 0.0, 1.0, 0.0, 0.0, 0.0, 0.0, 8.0, 17.0, 15.0, 11.0, 22.0, 23524.0, 0.0, 0.0, 0.0, 0.0, 0.0, 1.0]","[1232.0, 1232.0, 168.0, 80.0, 85.0, 1232.0, 1232.0, 1232.0, 1232.0, 1232.0, 1232.0, 42.0, 112.0, 1232.0, 1232.0, 1232.0, 816.0, 272.0, 48.0, 48.0, 592.0, 48.0, 48.0, 1232.0, 1232.0, 1232.0, 944.0, 1232.0, 1232.0, 976.0]","[1.0, -1.0, -1.0, -1.0, 1.0, 1.0, 1.0, 1.0, 1.0, 1.0, 1.0, -1.0, -1.0, 1.0, 1.0, 1.0, 1.0, -1.0, 1.0, -1.0, -1.0, 1.0, -1.0, 1.0, 1.0, 1.0, 1.0, 1.0, 1.0, 1.0]",66,"[0.0, 3.0, 3.0, 3.0, 15.0, 15.0, 15.0, 15.0, 15.0, 15.0, 15.0, 16.0, 16.0, 17.0, 17.0, 17.0, 17.0, 17.0, 25.0, 42.0, 57.0, 68.0, 90.0, 23614.0, 23614.0, 23614.0, 23614.0, 23614.0, 23614.0, 23615.0]"
"[0.0, 0.0, 1.0, 19.0, 0.0, 0.0, 0.0, 4.0, 0.0, 5.0, 0.0, 3.0, 26.0, 64.0, 0.0, 3.0, 6.0, 20.0, 2056.0, 6.0, 27.0, 75.0, 0.0, 2.0, 26.0, 6.0, 10809.0, 6.0, 28.0, 74.0]","[1250.0, 75.0, 523.0, 1250.0, 782.0, 98.0, 25.0, 79.0, 33.0, 120.0, 25.0, 33.0, 33.0, 292.0, 25.0, 35.0, 25.0, 33.0, 285.0, 27.0, 33.0, 88.0, 25.0, 35.0, 33.0, 25.0, 238.0, 27.0, 33.0, 67.0]","[1.0, 1.0, 1.0, -1.0, -1.0, -1.0, -1.0, 1.0, 1.0, -1.0, -1.0, 1.0, 1.0, -1.0, -1.0, 1.0, -1.0, 1.0, 1.0, -1.0, 1.0, -1.0, -1.0, 1.0, 1.0, -1.0, 1.0, -1.0, 1.0, -1.0]",59,"[0.0, 0.0, 1.0, 20.0, 20.0, 20.0, 20.0, 24.0, 24.0, 29.0, 29.0, 32.0, 58.0, 122.0, 122.0, 125.0, 131.0, 151.0, 2207.0, 2213.0, 2240.0, 2315.0, 2315.0, 2317.0, 2343.0, 2349.0, 13158.0, 13164.0, 13192.0, 13266.0]"
"[0.0, 0.0, 1.0, 20.0, 0.0, 0.0, 0.0, 18.0, 0.0, 26.0, 0.0, 1.0, 5.0, 0.0, 11.0, 0.0, 5.0, 22661.0, 6.0, 19.0, 0.0, 70.0, 28.0, 4.0, 24820.0, 0.0, 1.0, 0.0, 4.0, 0.0]","[1250.0, 77.0, 874.0, 1250.0, 788.0, 71.0, 25.0, 39.0, 25.0, 79.0, 33.0, 33.0, 120.0, 426.0, 33.0, 35.0, 25.0, 195.0, 29.0, 144.0, 25.0, 35.0, 33.0, 25.0, 733.0, 736.0, 731.0, 737.0, 715.0, 716.0]","[1.0, 1.0, 1.0, -1.0, -1.0, -1.0, -1.0, -1.0, -1.0, 1.0, 1.0, 1.0, -1.0, -1.0, 1.0, 1.0, -1.0, 1.0, -1.0, -1.0, -1.0, 1.0, 1.0, -1.0, 1.0, 1.0, 1.0, 1.0, 1.0, 1.0]",101,"[0.0, 0.0, 1.0, 21.0, 21.0, 21.0, 21.0, 39.0, 39.0, 65.0, 65.0, 66.0, 71.0, 71.0, 82.0, 82.0, 87.0, 22748.0, 22754.0, 22773.0, 22773.0, 22843.0, 22871.0, 22875.0, 47695.0, 47695.0, 47696.0, 47696.0, 47700.0, 47700.0]"
"[0.0, 0.0, 0.0, 1.0, 20.0, 0.0, 0.0, 0.0, 1.0, 5.0, 0.0, 0.0, 3.0, 0.0, 3.0, 2.0, 3.0, 3.0, 2.0, 0.0, 6.0, 30.0, 8078.0, 0.0, 7.0, 0.0, 0.0, 0.0, 0.0, 1.0]","[1250.0, 80.0, 245.0, 213.0, 1250.0, 790.0, 59.0, 25.0, 25.0, 78.0, 33.0, 33.0, 794.0, 26.0, 120.0, 35.0, 33.0, 25.0, 33.0, 35.0, 30.0, 33.0, 195.0, 192.0, 27.0, 27.0, 206.0, 207.0, 580.0, 25.0]","[1.0, 1.0, 1.0, 1.0, -1.0, -1.0, -1.0, -1.0, -1.0, 1.0, 1.0, 1.0, -1.0, -1.0, -1.0, 1.0, 1.0, -1.0, 1.0, 1.0, -1.0, 1.0, 1.0, 1.0, -1.0, -1.0, 1.0, 1.0, -1.0, -1.0]",19,"[0.0, 0.0, 0.0, 1.0, 21.0, 21.0, 21.0, 21.0, 22.0, 27.0, 27.0, 27.0, 30.0, 30.0, 33.0, 35.0, 38.0, 41.0, 43.0, 43.0, 49.0, 79.0, 8157.0, 8157.0, 8164.0, 8164.0, 8164.0, 8164.0, 8164.0, 8165.0]"
"[0.0, 0.0, 0.0, 1.0, 1.0, 0.0, 0.0, 0.0, 0.0, 0.0, 1.0, 0.0, 0.0, 0.0, 26.0, 98.0, 26.0, 18046.0, 1.0, 163.0, 0.0, 1.0, 42.0, 0.0, 0.0, 0.0, 0.0, 1.0, 0.0, 0.0]","[1350.0, 80.0, 1200.0, 1200.0, 90.0, 945.0, 99.0, 24.0, 24.0, 49.0, 46.0, 47.0, 24.0, 28.0, 45.0, 558.0, 45.0, 892.0, 24.0, 1344.0, 535.0, 23.0, 484.0, 1200.0, 1200.0, 1200.0, 82.0, 45.0, 45.0, 45.0]","[1.0, 1.0, -1.0, -1.0, 1.0, 1.0, -1.0, -1.0, -1.0, -1.0, 1.0, 1.0, -1.0, -1.0, 1.0, -1.0, 1.0, 1.0, -1.0, 1.0, 1.0, -1.0, -1.0, -1.0, -1.0, -1.0, -1.0, 1.0, 1.0, 1.0]",17,"[0.0, 0.0, 0.0, 1.0, 2.0, 2.0, 2.0, 2.0, 2.0, 2.0, 3.0, 3.0, 3.0, 3.0, 29.0, 127.0, 153.0, 18199.0, 18200.0, 18363.0, 18363.0, 18364.0, 18406.0, 18406.0, 18406.0, 18406.0, 18406.0, 18407.0, 18407.0, 18407.0]"
"[0.0, 0.0, 0.0, 1.0, 1.0, 0.0, 0.0, 0.0, 6.0, 0.0, 0.0, 0.0, 0.0, 0.0, 6.0, 12.0, 34.0, 7214.0, 1.0, 4.0, 1.0, 5.0, 1.0, 6.0, 0.0, 0.0, 3.0, 1.0, 10.0, 2.0]","[1250.0, 78.0, 344.0, 1200.0, 53.0, 24.0, 24.0, 49.0, 90.0, 45.0, 73.0, 45.0, 47.0, 28.0, 45.0, 342.0, 45.0, 397.0, 24.0, 397.0, 23.0, 398.0, 23.0, 398.0, 306.0, 23.0, 398.0, 23.0, 306.0, 306.0]","[1.0, 1.0, 1.0, -1.0, -1.0, -1.0, -1.0, -1.0, 1.0, 1.0, -1.0, 1.0, 1.0, -1.0, 1.0, -1.0, 1.0, 1.0, -1.0, 1.0, -1.0, 1.0, -1.0, 1.0, -1.0, -1.0, 1.0, -1.0, -1.0, -1.0]",14,"[0.0, 0.0, 0.0, 1.0, 2.0, 2.0, 2.0, 2.0, 8.0, 8.0, 8.0, 8.0, 8.0, 8.0, 14.0, 26.0, 60.0, 7274.0, 7275.0, 7279.0, 7280.0, 7285.0, 7286.0, 7292.0, 7292.0, 7292.0, 7295.0, 7296.0, 7306.0, 7308.0]"
"[0.0, 0.0, 0.0, 20.0, 0.0, 1.0, 0.0, 0.0, 10.0, 0.0, 1.0, 4.0, 1.0, 0.0, 9.0, 0.0, 5.0, 25721.0, 6.0, 16.0, 0.0, 9.0, 26.0, 5.0, 110.0, 6.0, 16.0, 0.0, 10.0, 25.0]","[1250.0, 80.0, 818.0, 1250.0, 780.0, 106.0, 25.0, 25.0, 79.0, 33.0, 33.0, 378.0, 25.0, 120.0, 35.0, 33.0, 25.0, 631.0, 29.0, 173.0, 25.0, 35.0, 33.0, 25.0, 628.0, 27.0, 144.0, 25.0, 35.0, 33.0]","[1.0, 1.0, 1.0, -1.0, -1.0, -1.0, -1.0, -1.0, 1.0, 1.0, 1.0, -1.0, -1.0, -1.0, 1.0, 1.0, -1.0, 1.0, -1.0, -1.0, -1.0, 1.0, 1.0, -1.0, 1.0, -1.0, -1.0, -1.0, 1.0, 1.0]",57,"[0.0, 0.0, 0.0, 20.0, 20.0, 21.0, 21.0, 21.0, 31.0, 31.0, 32.0, 36.0, 37.0, 37.0, 46.0, 46.0, 51.0, 25772.0, 25778.0, 25794.0, 25794.0, 25803.0, 25829.0, 25834.0, 25944.0, 25950.0, 25966.0, 25966.0, 25976.0, 26001.0]"
"[0.0, 0.0, 0.0, 21.0, 0.0, 0.0, 0.0, 19.0, 1.0, 0.0, 97.0, 0.0, 0.0, 1.0, 5.0, 0.0, 53.0, 6.0, 26833.0, 6.0, 19.0, 0.0, 19.0, 32.0, 42.0, 5740.0, 0.0, 6.0, 0.0, 8.0]","[1250.0, 78.0, 549.0, 1250.0, 778.0, 94.0, 25.0, 615.0, 35.0, 249.0, 78.0, 33.0, 33.0, 33.0, 120.0, 430.0, 35.0, 25.0, 488.0, 29.0, 987.0, 273.0, 35.0, 25.0, 33.0, 116.0, 97.0, 27.0, 27.0, 33.0]","[1.0, 1.0, 1.0, -1.0, -1.0, -1.0, -1.0, -1.0, -1.0, -1.0, 1.0, 1.0, 1.0, 1.0, -1.0, -1.0, 1.0, -1.0, 1.0, -1.0, -1.0, -1.0, 1.0, -1.0, 1.0, 1.0, 1.0, -1.0, -1.0, 1.0]",49,"[0.0, 0.0, 0.0, 21.0, 21.0, 21.0, 21.0, 40.0, 41.0, 41.0, 138.0, 138.0, 138.0, 139.0, 144.0, 144.0, 197.0, 203.0, 27036.0, 27042.0, 27061.0, 27061.0, 27080.0, 27112.0, 27154.0, 32894.0, 32894.0, 32900.0, 32900.0, 32908.0]"
"[0.0, 6.0, 14.0, 0.0, 7.0, 6.0, 5.0, 14.0, 1.0, 0.0, 6.0, 0.0, 21.0, 0.0, 4.0, 26163.0, 6.0, 0.0, 0.0, 0.0, 0.0, 0.0, 0.0, 0.0, 0.0, 0.0, 0.0, 1.0, 2.0, 0.0]","[1250.0, 1250.0, 1250.0, 1250.0, 1250.0, 1245.0, 41.0, 41.0, 83.0, 71.0, 842.0, 121.0, 33.0, 33.0, 25.0, 562.0, 579.0, 1246.0, 1250.0, 1250.0, 1250.0, 1250.0, 1250.0, 1250.0, 1250.0, 1250.0, 1250.0, 1250.0, 1250.0, 1250.0]","[1.0, -1.0, -1.0, -1.0, 1.0, -1.0, 1.0, 1.0, 1.0, 1.0, -1.0, -1.0, 1.0, 1.0, -1.0, 1.0, -1.0, -1.0, -1.0, -1.0, -1.0, -1.0, -1.0, -1.0, -1.0, -1.0, -1.0, -1.0, -1.0, -1.0]",49,"[0.0, 6.0, 20.0, 20.0, 27.0, 33.0, 38.0, 52.0, 53.0, 53.0, 59.0, 59.0, 80.0, 80.0, 84.0, 26247.0, 26253.0, 26253.0, 26253.0, 26253.0, 26253.0, 26253.0, 26253.0, 26253.0, 26253.0, 26253.0, 26253.0, 26254.0, 26256.0, 26256.0]"
"[0.0, 0.0, 0.0, 33.0, 0.0, 0.0, 0.0, 0.0, 3.0, 0.0, 0.0, 19.0, 13.0, 3.0, 18.0, 10919.0, 1.0, 1.0, 18.0, 0.0, 1.0, 1.0, 26.0, 6.0, 1.0, 0.0, 0.0, 1.0, 1.0, 0.0]","[1250.0, 79.0, 459.0, 1250.0, 781.0, 78.0, 25.0, 25.0, 79.0, 33.0, 33.0, 120.0, 588.0, 35.0, 25.0, 88.0, 85.0, 85.0, 29.0, 29.0, 29.0, 33.0, 33.0, 139.0, 86.0, 25.0, 86.0, 25.0, 35.0, 35.0]","[1.0, 1.0, 1.0, -1.0, -1.0, -1.0, -1.0, -1.0, 1.0, 1.0, 1.0, -1.0, -1.0, 1.0, -1.0, 1.0, 1.0, 1.0, -1.0, -1.0, -1.0, 1.0, 1.0, -1.0, -1.0, -1.0, -1.0, -1.0, 1.0, 1.0]",50,"[0.0, 0.0, 0.0, 33.0, 33.0, 33.0, 33.0, 33.0, 36.0, 36.0, 36.0, 55.0, 68.0, 71.0, 89.0, 11008.0, 11009.0, 11010.0, 11028.0, 11028.0, 11029.0, 11030.0, 11056.0, 11062.0, 11063.0, 11063.0, 11063.0, 11064.0, 11065.0, 11065.0]"
"[0.0, 6.0, 11.0, 3.0, 0.0, 3.0, 0.0, 4.0, 5.0, 0.0, 6.0, 0.0, 0.0, 7.0, 9.0, 1.0, 7.0, 26.0, 5.0, 12254.0, 6.0, 16.0, 0.0, 7.0, 25.0, 6.0, 15846.0, 7.0, 16.0, 0.0]","[1250.0, 1250.0, 1250.0, 1250.0, 1250.0, 1250.0, 189.0, 41.0, 167.0, 810.0, 862.0, 121.0, 27.0, 34.0, 378.0, 25.0, 35.0, 33.0, 25.0, 628.0, 27.0, 173.0, 25.0, 35.0, 33.0, 25.0, 628.0, 27.0, 126.0, 25.0]","[1.0, -1.0, 1.0, -1.0, -1.0, -1.0, -1.0, 1.0, 1.0, 1.0, -1.0, -1.0, -1.0, 1.0, -1.0, -1.0, 1.0, 1.0, -1.0, 1.0, -1.0, -1.0, -1.0, 1.0, 1.0, -1.0, 1.0, -1.0, -1.0, -1.0]",57,"[0.0, 6.0, 17.0, 20.0, 20.0, 23.0, 23.0, 27.0, 32.0, 32.0, 38.0, 38.0, 38.0, 45.0, 54.0, 55.0, 62.0, 88.0, 93.0, 12347.0, 12353.0, 12369.0, 12369.0, 12376.0, 12401.0, 12407.0, 28253.0, 28260.0, 28276.0, 28276.0]"
"[0.0, 0.0, 21.0, 0.0, 0.0, 8.0, 0.0, 0.0, 3.0, 3.0, 0.0, 12.0, 3.0, 1.0, 7.0, 26.0, 5.0, 4973.0, 6.0, 15.0, 0.0, 8.0, 25.0, 6.0, 7075.0, 0.0, 7.0, 15.0, 0.0, 7.0]","[1250.0, 80.0, 1250.0, 792.0, 96.0, 78.0, 886.0, 34.0, 25.0, 120.0, 29.0, 33.0, 334.0, 25.0, 35.0, 33.0, 25.0, 940.0, 27.0, 66.0, 25.0, 35.0, 33.0, 25.0, 1246.0, 103.0, 27.0, 72.0, 25.0, 35.0]","[1.0, 1.0, -1.0, -1.0, -1.0, 1.0, 1.0, 1.0, -1.0, -1.0, -1.0, 1.0, -1.0, -1.0, 1.0, 1.0, -1.0, 1.0, -1.0, -1.0, -1.0, 1.0, 1.0, -1.0, 1.0, 1.0, -1.0, -1.0, -1.0, 1.0]",41,"[0.0, 0.0, 21.0, 21.0, 21.0, 29.0, 29.0, 29.0, 32.0, 35.0, 35.0, 47.0, 50.0, 51.0, 58.0, 84.0, 89.0, 5062.0, 5068.0, 5083.0, 5083.0, 5091.0, 5116.0, 5122.0, 12197.0, 12197.0, 12204.0, 12219.0, 12219.0, 12226.0]"
"[0.0, 21.0, 11.0, 0.0, 1.0, 5.0, 0.0, 1.0, 5.0, 24.0, 0.0, 0.0, 0.0, 0.0, 2.0, 6.0, 0.0, 0.0, 32.0, 14666.0, 0.0, 0.0, 0.0, 1.0, 5.0, 0.0, 32.0, 62.0, 6.0, 31.0]","[1250.0, 1250.0, 1250.0, 154.0, 954.0, 1250.0, 120.0, 27.0, 34.0, 1246.0, 1250.0, 1250.0, 348.0, 51.0, 33.0, 35.0, 33.0, 33.0, 25.0, 1246.0, 1250.0, 1250.0, 1250.0, 796.0, 27.0, 25.0, 33.0, 88.0, 35.0, 25.0]","[1.0, -1.0, 1.0, 1.0, 1.0, -1.0, -1.0, -1.0, 1.0, -1.0, -1.0, -1.0, -1.0, -1.0, 1.0, 1.0, 1.0, 1.0, -1.0, 1.0, 1.0, 1.0, 1.0, 1.0, -1.0, -1.0, 1.0, -1.0, 1.0, -1.0]",91,"[0.0, 21.0, 32.0, 32.0, 33.0, 38.0, 38.0, 39.0, 44.0, 68.0, 68.0, 68.0, 68.0, 68.0, 70.0, 76.0, 76.0, 76.0, 108.0, 14774.0, 14774.0, 14774.0, 14774.0, 14775.0, 14780.0, 14780.0, 14812.0, 14874.0, 14880.0, 14911.0]"
"[0.0, 0.0, 0.0, 2.0, 0.0, 0.0, 0.0, 0.0, 1.0, 0.0, 0.0, 0.0, 0.0, 0.0, 1.0, 156.0, 0.0, 1.0, 423.0, 0.0, 1.0, 114.0, 26.0, 3113.0, 0.0, 1.0, 115.0, 26.0, 28782.0, 1.0]","[1350.0, 78.0, 960.0, 1200.0, 52.0, 24.0, 24.0, 49.0, 90.0, 45.0, 45.0, 47.0, 73.0, 28.0, 45.0, 522.0, 450.0, 45.0, 1344.0, 877.0, 23.0, 481.0, 45.0, 1344.0, 371.0, 23.0, 481.0, 45.0, 985.0, 24.0]","[1.0, 1.0, 1.0, -1.0, -1.0, -1.0, -1.0, -1.0, 1.0, 1.0, 1.0, 1.0, -1.0, -1.0, 1.0, -1.0, -1.0, 1.0, 1.0, 1.0, -1.0, -1.0, 1.0, 1.0, 1.0, -1.0, -1.0, 1.0, 1.0, -1.0]",17,"[0.0, 0.0, 0.0, 2.0, 2.0, 2.0, 2.0, 2.0, 3.0, 3.0, 3.0, 3.0, 3.0, 3.0, 4.0, 160.0, 160.0, 161.0, 584.0, 584.0, 585.0, 699.0, 725.0, 3838.0, 3838.0, 3839.0, 3954.0, 3980.0, 32762.0, 32763.0]"
"[0.0, 1.0, 2.0, 0.0, 0.0, 0.0, 2.0, 1.0, 0.0, 0.0, 0.0, 1.0, 0.0, 1.0, 1.0, 18.0, 2.0, 36.0, 0.0, 0.0, 3.0, 0.0, 19.0, 17384.0, 0.0, 1.0, 12.0, 0.0, 3.0, 41.0]","[1230.0, 79.0, 1232.0, 186.0, 48.0, 80.0, 81.0, 39.0, 112.0, 1226.0, 1016.0, 48.0, 48.0, 304.0, 35.0, 304.0, 36.0, 1232.0, 1232.0, 848.0, 34.0, 38.0, 48.0, 1226.0, 116.0, 48.0, 48.0, 48.0, 36.0, 560.0]","[1.0, 1.0, -1.0, -1.0, -1.0, -1.0, 1.0, -1.0, -1.0, 1.0, 1.0, -1.0, -1.0, -1.0, 1.0, -1.0, 1.0, -1.0, -1.0, -1.0, 1.0, 1.0, -1.0, 1.0, 1.0, -1.0, -1.0, -1.0, 1.0, -1.0]",32,"[0.0, 1.0, 3.0, 3.0, 3.0, 3.0, 5.0, 6.0, 6.0, 6.0, 6.0, 7.0, 7.0, 8.0, 9.0, 27.0, 29.0, 65.0, 65.0, 65.0, 68.0, 68.0, 87.0, 17471.0, 17471.0, 17472.0, 17484.0, 17484.0, 17487.0, 17528.0]"
"[0.0, 2.0, 0.0, 0.0, 31.0, 1.0, 0.0, 1.0, 8.0, 20022.0, 21.0, 20032.0, 23.0, 20042.0, 20.0, 20027.0, 21.0, 20021.0, 25.0, 20033.0, 21.0, 20032.0, 15.0, 20040.0, 24.0, 20025.0, 22.0, 20269.0, 20.0, 20022.0]","[1252.0, 1232.0, 192.0, 80.0, 1252.0, 39.0, 112.0, 272.0, 35.0, 30.0, 48.0, 30.0, 48.0, 30.0, 48.0, 30.0, 48.0, 30.0, 48.0, 30.0, 48.0, 30.0, 48.0, 30.0, 48.0, 30.0, 48.0, 30.0, 48.0, 30.0]","[1.0, -1.0, -1.0, -1.0, 1.0, -1.0, -1.0, -1.0, 1.0, 1.0, -1.0, 1.0, -1.0, 1.0, -1.0, 1.0, -1.0, 1.0, -1.0, 1.0, -1.0, 1.0, -1.0, 1.0, -1.0, 1.0, -1.0, 1.0, -1.0, 1.0]",66,"[0.0, 2.0, 2.0, 2.0, 33.0, 34.0, 34.0, 35.0, 43.0, 20065.0, 20086.0, 40118.0, 40141.0, 60183.0, 60203.0, 80230.0, 80251.0, 100272.0, 100297.0, 120330.0, 120351.0, 140383.0, 140398.0, 160438.0, 160462.0, 180487.0, 180509.0, 200778.0, 200798.0, 220820.0]"
"[0.0, 0.0, 0.0, 20.0, 0.0, 1.0, 0.0, 4.0, 0.0, 6.0, 0.0, 4.0, 33.0, 5.0, 4.0, 58.0, 2.0, 2.0, 2.0, 30.0, 19960.0, 6.0, 36.0, 6.0, 4.0, 68.0, 0.0, 4.0, 0.0, 31.0]","[1250.0, 73.0, 521.0, 1250.0, 784.0, 110.0, 25.0, 78.0, 33.0, 120.0, 25.0, 33.0, 33.0, 25.0, 33.0, 294.0, 25.0, 37.0, 33.0, 26.0, 280.0, 29.0, 33.0, 25.0, 33.0, 86.0, 25.0, 37.0, 33.0, 25.0]","[1.0, 1.0, 1.0, -1.0, -1.0, -1.0, -1.0, 1.0, 1.0, -1.0, -1.0, 1.0, 1.0, -1.0, 1.0, -1.0, -1.0, 1.0, 1.0, -1.0, 1.0, -1.0, 1.0, -1.0, 1.0, -1.0, -1.0, 1.0, 1.0, -1.0]",59,"[0.0, 0.0, 0.0, 20.0, 20.0, 21.0, 21.0, 25.0, 25.0, 31.0, 31.0, 35.0, 68.0, 73.0, 77.0, 135.0, 137.0, 139.0, 141.0, 171.0, 20131.0, 20137.0, 20173.0, 20179.0, 20183.0, 20251.0, 20251.0, 20255.0, 20255.0, 20286.0]"
"[0.0, 0.0, 0.0, 21.0, 0.0, 0.0, 0.0, 0.0, 8.0, 0.0, 0.0, 6.0, 2.0, 0.0, 7.0, 6.0, 22.0, 22778.0, 6.0, 15.0, 1.0, 7.0, 27.0, 5.0, 263.0, 6.0, 16.0, 0.0, 27.0, 8.0]","[1250.0, 78.0, 637.0, 1250.0, 783.0, 103.0, 25.0, 25.0, 78.0, 33.0, 33.0, 120.0, 378.0, 25.0, 35.0, 25.0, 33.0, 440.0, 27.0, 173.0, 25.0, 35.0, 33.0, 25.0, 437.0, 27.0, 173.0, 25.0, 25.0, 35.0]","[1.0, 1.0, 1.0, -1.0, -1.0, -1.0, -1.0, -1.0, 1.0, 1.0, 1.0, -1.0, -1.0, -1.0, 1.0, -1.0, 1.0, 1.0, -1.0, -1.0, -1.0, 1.0, 1.0, -1.0, 1.0, -1.0, -1.0, -1.0, -1.0, 1.0]",57,"[0.0, 0.0, 0.0, 21.0, 21.0, 21.0, 21.0, 21.0, 29.0, 29.0, 29.0, 35.0, 37.0, 37.0, 44.0, 50.0, 72.0, 22850.0, 22856.0, 22871.0, 22872.0, 22879.0, 22906.0, 22911.0, 23174.0, 23180.0, 23196.0, 23196.0, 23223.0, 23231.0]"
"[0.0, 2.0, 0.0, 0.0, 12.0, 0.0, 1.0, 0.0, 0.0, 0.0, 2.0, 1.0, 0.0, 0.0, 8.0, 6.0, 4834.0, 0.0, 0.0, 1.0, 20.0, 21.0, 30.0, 0.0, 1.0, 21.0, 20.0, 63.0, 0.0, 0.0]","[1232.0, 1232.0, 168.0, 80.0, 1232.0, 83.0, 1232.0, 1232.0, 42.0, 112.0, 304.0, 1232.0, 1232.0, 688.0, 48.0, 48.0, 1232.0, 784.0, 48.0, 48.0, 48.0, 48.0, 784.0, 784.0, 48.0, 48.0, 48.0, 1232.0, 1232.0, 240.0]","[1.0, -1.0, -1.0, -1.0, 1.0, 1.0, 1.0, 1.0, -1.0, -1.0, -1.0, 1.0, 1.0, 1.0, 1.0, -1.0, 1.0, 1.0, 1.0, -1.0, -1.0, -1.0, 1.0, 1.0, -1.0, -1.0, -1.0, -1.0, -1.0, -1.0]",66,"[0.0, 2.0, 2.0, 2.0, 14.0, 14.0, 15.0, 15.0, 15.0, 15.0, 17.0, 18.0, 18.0, 18.0, 26.0, 32.0, 4866.0, 4866.0, 4866.0, 4867.0, 4887.0, 4908.0, 4938.0, 4938.0, 4939.0, 4960.0, 4980.0, 5043.0, 5043.0, 5043.0]"
"[0.0, 21.0, 10.0, 1.0, 0.0, 0.0, 5.0, 0.0, 1.0, 0.0, 14.0, 30.0, 3.0, 6.0, 32.0, 4123.0, 0.0, 6.0, 25.0, 16.0, 8.0, 1.0, 31.0, 1273.0, 1.0, 0.0, 2.0, 0.0, 0.0, 3.0]","[1250.0, 1250.0, 165.0, 1246.0, 1250.0, 59.0, 518.0, 93.0, 27.0, 25.0, 33.0, 515.0, 33.0, 35.0, 25.0, 1246.0, 529.0, 27.0, 25.0, 266.0, 33.0, 35.0, 25.0, 1246.0, 1039.0, 94.0, 114.0, 1246.0, 418.0, 27.0]","[1.0, -1.0, 1.0, 1.0, 1.0, 1.0, -1.0, -1.0, -1.0, -1.0, 1.0, -1.0, 1.0, 1.0, -1.0, 1.0, 1.0, -1.0, -1.0, -1.0, 1.0, 1.0, -1.0, 1.0, 1.0, 1.0, 1.0, 1.0, 1.0, -1.0]",91,"[0.0, 21.0, 31.0, 32.0, 32.0, 32.0, 37.0, 37.0, 38.0, 38.0, 52.0, 82.0, 85.0, 91.0, 123.0, 4246.0, 4246.0, 4252.0, 4277.0, 4293.0, 4301.0, 4302.0, 4333.0, 5606.0, 5607.0, 5607.0, 5609.0, 5609.0, 5609.0, 5612.0]"
"[0.0, 0.0, 0.0, 20.0, 0.0, 0.0, 0.0, 1.0, 9.0, 0.0, 0.0, 6.0, 10.0, 0.0, 3.0, 2.0, 4.0, 1.0, 16322.0, 6.0, 28.0, 0.0, 3.0, 1.0, 5.0, 6628.0, 6.0, 26.0, 1.0, 1.0]","[1250.0, 77.0, 893.0, 1250.0, 780.0, 77.0, 25.0, 25.0, 79.0, 33.0, 33.0, 120.0, 758.0, 25.0, 35.0, 41.0, 25.0, 25.0, 362.0, 29.0, 411.0, 25.0, 35.0, 40.0, 25.0, 340.0, 27.0, 393.0, 25.0, 33.0]","[1.0, 1.0, 1.0, -1.0, -1.0, -1.0, -1.0, -1.0, 1.0, 1.0, 1.0, -1.0, -1.0, -1.0, 1.0, 1.0, -1.0, -1.0, 1.0, -1.0, -1.0, -1.0, 1.0, 1.0, -1.0, 1.0, -1.0, -1.0, -1.0, 1.0]",62,"[0.0, 0.0, 0.0, 20.0, 20.0, 20.0, 20.0, 21.0, 30.0, 30.0, 30.0, 36.0, 46.0, 46.0, 49.0, 51.0, 55.0, 56.0, 16378.0, 16384.0, 16412.0, 16412.0, 16415.0, 16416.0, 16421.0, 23049.0, 23055.0, 23081.0, 23082.0, 23083.0]"
"[0.0, 2.0, 0.0, 0.0, 0.0, 5.0, 0.0, 1.0, 8.0, 1.0, 0.0, 0.0, 0.0, 0.0, 1.0, 0.0, 1.0, 0.0, 0.0, 5.0, 1.0, 0.0, 12.0, 21.0, 17.0, 1.0, 16.0, 8833.0, 1.0, 12.0]","[1200.0, 1232.0, 1232.0, 1181.0, 80.0, 1200.0, 42.0, 42.0, 73.0, 54.0, 39.0, 112.0, 34.0, 374.0, 1197.0, 342.0, 34.0, 33.0, 272.0, 34.0, 1252.0, 34.0, 48.0, 560.0, 34.0, 31.0, 48.0, 374.0, 1249.0, 48.0]","[1.0, -1.0, -1.0, -1.0, -1.0, 1.0, 1.0, 1.0, 1.0, 1.0, -1.0, -1.0, 1.0, 1.0, 1.0, 1.0, 1.0, 1.0, -1.0, 1.0, 1.0, 1.0, -1.0, -1.0, 1.0, 1.0, -1.0, 1.0, 1.0, -1.0]",28,"[0.0, 2.0, 2.0, 2.0, 2.0, 7.0, 7.0, 8.0, 16.0, 17.0, 17.0, 17.0, 17.0, 17.0, 18.0, 18.0, 19.0, 19.0, 19.0, 24.0, 25.0, 25.0, 37.0, 58.0, 75.0, 76.0, 92.0, 8925.0, 8926.0, 8938.0]"
"[0.0, 27.0, 10.0, 10.0, 0.0, 10.0, 6.0, 0.0, 10.0, 0.0, 27.0, 0.0, 0.0, 8.0, 23.0, 0.0, 2.0, 6.0, 26.0, 27.0, 25971.0, 5.0, 0.0, 3.0, 2.0, 0.0, 17.0, 5.0, 0.0, 1.0]","[1250.0, 1250.0, 1250.0, 1250.0, 1250.0, 41.0, 1250.0, 181.0, 160.0, 404.0, 870.0, 121.0, 27.0, 33.0, 379.0, 184.0, 33.0, 35.0, 33.0, 25.0, 273.0, 94.0, 87.0, 86.0, 87.0, 92.0, 27.0, 27.0, 27.0, 1246.0]","[1.0, -1.0, 1.0, -1.0, -1.0, 1.0, -1.0, -1.0, 1.0, 1.0, -1.0, -1.0, -1.0, 1.0, -1.0, -1.0, 1.0, 1.0, 1.0, -1.0, 1.0, 1.0, 1.0, 1.0, 1.0, 1.0, -1.0, -1.0, -1.0, -1.0]",43,"[0.0, 27.0, 37.0, 47.0, 47.0, 57.0, 63.0, 63.0, 73.0, 73.0, 100.0, 100.0, 100.0, 108.0, 131.0, 131.0, 133.0, 139.0, 165.0, 192.0, 26163.0, 26168.0, 26168.0, 26171.0, 26173.0, 26173.0, 26190.0, 26195.0, 26195.0, 26196.0]"
"[0.0, 3.0, 0.0, 0.0, 0.0, 37.0, 64.0, 8.0, 0.0, 0.0, 0.0, 1.0, 0.0, 0.0, 0.0, 1.0, 0.0, 1.0, 1.0, 1.0, 29.0, 6.0, 17502.0, 0.0, 0.0, 1.0, 0.0, 0.0, 1.0, 0.0]","[1230.0, 1232.0, 1232.0, 1173.0, 80.0, 1230.0, 80.0, 41.0, 73.0, 70.0, 36.0, 267.0, 41.0, 41.0, 112.0, 48.0, 880.0, 272.0, 36.0, 38.0, 48.0, 34.0, 235.0, 65.0, 48.0, 48.0, 1232.0, 944.0, 1232.0, 1232.0]","[1.0, -1.0, -1.0, -1.0, -1.0, 1.0, -1.0, 1.0, 1.0, 1.0, 1.0, 1.0, -1.0, -1.0, -1.0, -1.0, -1.0, -1.0, 1.0, 1.0, -1.0, 1.0, 1.0, 1.0, -1.0, -1.0, -1.0, -1.0, -1.0, -1.0]",29,"[0.0, 3.0, 3.0, 3.0, 3.0, 40.0, 104.0, 112.0, 112.0, 112.0, 112.0, 113.0, 113.0, 113.0, 113.0, 114.0, 114.0, 115.0, 116.0, 117.0, 146.0, 152.0, 17654.0, 17654.0, 17654.0, 17655.0, 17655.0, 17655.0, 17656.0, 17656.0]"
"[0.0, 2.0, 0.0, 0.0, 0.0, 9.0, 0.0, 11.0, 0.0, 0.0, 1.0, 0.0, 0.0, 1.0, 1.0, 0.0, 0.0, 5.0, 0.0, 10.0, 28.0, 4.0, 1.0, 0.0, 23.0, 59011.0, 0.0, 24.0, 21.0, 41.0]","[1200.0, 1232.0, 1232.0, 1181.0, 80.0, 1200.0, 42.0, 73.0, 39.0, 112.0, 34.0, 54.0, 34.0, 272.0, 619.0, 33.0, 410.0, 1252.0, 34.0, 48.0, 720.0, 34.0, 31.0, 31.0, 48.0, 619.0, 410.0, 48.0, 336.0, 336.0]","[1.0, -1.0, -1.0, -1.0, -1.0, 1.0, 1.0, 1.0, -1.0, -1.0, 1.0, 1.0, 1.0, -1.0, 1.0, 1.0, 1.0, 1.0, 1.0, -1.0, -1.0, 1.0, 1.0, 1.0, -1.0, 1.0, 1.0, -1.0, -1.0, -1.0]",32,"[0.0, 2.0, 2.0, 2.0, 2.0, 11.0, 11.0, 22.0, 22.0, 22.0, 23.0, 23.0, 23.0, 24.0, 25.0, 25.0, 25.0, 30.0, 30.0, 40.0, 68.0, 72.0, 73.0, 73.0, 96.0, 59107.0, 59107.0, 59131.0, 59152.0, 59193.0]"
"[0.0, 0.0, 21.0, 0.0, 9.0, 0.0, 2.0, 2.0, 0.0, 0.0, 0.0, 2.0, 5.0, 0.0, 9.0, 28.0, 0.0, 10.0, 27.0, 4.0, 10800.0, 0.0, 0.0, 7.0, 0.0, 39.0, 0.0, 24.0, 17.0, 2.0]","[1250.0, 79.0, 1250.0, 614.0, 78.0, 33.0, 26.0, 1246.0, 1246.0, 1250.0, 319.0, 120.0, 25.0, 29.0, 33.0, 932.0, 47.0, 35.0, 33.0, 25.0, 1246.0, 1250.0, 101.0, 27.0, 25.0, 668.0, 70.0, 25.0, 1246.0, 35.0]","[1.0, 1.0, -1.0, -1.0, 1.0, 1.0, -1.0, 1.0, 1.0, 1.0, 1.0, -1.0, -1.0, -1.0, 1.0, -1.0, -1.0, 1.0, 1.0, -1.0, 1.0, 1.0, 1.0, -1.0, -1.0, -1.0, -1.0, -1.0, 1.0, 1.0]",55,"[0.0, 0.0, 21.0, 21.0, 30.0, 30.0, 32.0, 34.0, 34.0, 34.0, 34.0, 36.0, 41.0, 41.0, 50.0, 78.0, 78.0, 88.0, 115.0, 119.0, 10919.0, 10919.0, 10919.0, 10926.0, 10926.0, 10965.0, 10965.0, 10989.0, 11006.0, 11008.0]"
"[0.0, 0.0, 21.0, 0.0, 0.0, 10.0, 2.0, 0.0, 0.0, 0.0, 6.0, 0.0, 0.0, 11.0, 26.0, 1.0, 14.0, 31.0, 5.0, 77.0, 0.0, 5430.0, 0.0, 0.0, 0.0, 0.0, 0.0, 0.0, 0.0, 1.0]","[1250.0, 76.0, 1250.0, 782.0, 88.0, 25.0, 79.0, 33.0, 224.0, 1240.0, 120.0, 29.0, 25.0, 33.0, 521.0, 185.0, 36.0, 25.0, 25.0, 33.0, 33.0, 277.0, 1246.0, 1250.0, 1250.0, 1250.0, 1250.0, 1250.0, 1250.0, 1250.0]","[1.0, 1.0, -1.0, -1.0, -1.0, -1.0, 1.0, 1.0, 1.0, 1.0, -1.0, -1.0, -1.0, 1.0, -1.0, -1.0, 1.0, -1.0, -1.0, 1.0, 1.0, 1.0, 1.0, 1.0, 1.0, 1.0, 1.0, 1.0, 1.0, 1.0]",55,"[0.0, 0.0, 21.0, 21.0, 21.0, 31.0, 33.0, 33.0, 33.0, 33.0, 39.0, 39.0, 39.0, 50.0, 76.0, 77.0, 91.0, 122.0, 127.0, 204.0, 204.0, 5634.0, 5634.0, 5634.0, 5634.0, 5634.0, 5634.0, 5634.0, 5634.0, 5635.0]"
"[0.0, 1.0, 20.0, 0.0, 3.0, 0.0, 1.0, 0.0, 0.0, 0.0, 5.0, 1.0, 1.0, 0.0, 2.0, 36.0, 0.0, 2.0, 26.0, 6.0, 10661.0, 0.0, 0.0, 6.0, 0.0, 29.0, 11.0, 0.0, 2.0, 26.0]","[1250.0, 79.0, 1250.0, 628.0, 79.0, 33.0, 1246.0, 1246.0, 1250.0, 486.0, 127.0, 25.0, 29.0, 25.0, 33.0, 933.0, 237.0, 35.0, 33.0, 25.0, 1246.0, 1250.0, 94.0, 27.0, 25.0, 33.0, 669.0, 130.0, 35.0, 33.0]","[1.0, 1.0, -1.0, -1.0, 1.0, 1.0, 1.0, 1.0, 1.0, 1.0, -1.0, -1.0, -1.0, -1.0, 1.0, -1.0, -1.0, 1.0, 1.0, -1.0, 1.0, 1.0, 1.0, -1.0, -1.0, 1.0, -1.0, -1.0, 1.0, 1.0]",55,"[0.0, 1.0, 21.0, 21.0, 24.0, 24.0, 25.0, 25.0, 25.0, 25.0, 30.0, 31.0, 32.0, 32.0, 34.0, 70.0, 70.0, 72.0, 98.0, 104.0, 10765.0, 10765.0, 10765.0, 10771.0, 10771.0, 10800.0, 10811.0, 10811.0, 10813.0, 10839.0]"
"[0.0, 3.0, 0.0, 0.0, 0.0, 0.0, 57.0, 1.0, 0.0, 0.0, 2.0, 4.0, 1.0, 1.0, 18.0, 30034.0, 21.0, 29995.0, 1.0, 9.0, 21.0, 30045.0, 23.0, 29985.0, 1.0, 14.0, 17.0, 30071.0, 25.0, 29950.0]","[1252.0, 1232.0, 1232.0, 1232.0, 748.0, 80.0, 1252.0, 38.0, 112.0, 112.0, 272.0, 75.0, 38.0, 39.0, 48.0, 30.0, 48.0, 57.0, 80.0, 39.0, 48.0, 30.0, 48.0, 57.0, 80.0, 39.0, 48.0, 30.0, 48.0, 57.0]","[1.0, -1.0, -1.0, -1.0, -1.0, -1.0, 1.0, -1.0, -1.0, -1.0, -1.0, 1.0, -1.0, 1.0, -1.0, 1.0, -1.0, 1.0, -1.0, 1.0, -1.0, 1.0, -1.0, 1.0, -1.0, 1.0, -1.0, 1.0, -1.0, 1.0]",66,"[0.0, 3.0, 3.0, 3.0, 3.0, 3.0, 60.0, 61.0, 61.0, 61.0, 63.0, 67.0, 68.0, 69.0, 87.0, 30121.0, 30142.0, 60137.0, 60138.0, 60147.0, 60168.0, 90213.0, 90236.0, 120221.0, 120222.0, 120236.0, 120253.0, 150324.0, 150349.0, 180299.0]"
"[0.0, 0.0, 20.0, 0.0, 0.0, 6.0, 0.0, 0.0, 0.0, 5.0, 1.0, 0.0, 0.0, 5.0, 50.0, 1.0, 0.0, 3.0, 1.0, 30.0, 6972.0, 0.0, 6.0, 25.0, 6.0, 37.0, 1.0, 0.0, 4.0, 0.0]","[1250.0, 77.0, 1250.0, 793.0, 76.0, 78.0, 33.0, 1246.0, 884.0, 25.0, 120.0, 29.0, 25.0, 34.0, 851.0, 34.0, 239.0, 35.0, 33.0, 25.0, 1246.0, 379.0, 27.0, 25.0, 33.0, 478.0, 34.0, 172.0, 35.0, 33.0]","[1.0, 1.0, -1.0, -1.0, -1.0, 1.0, 1.0, 1.0, 1.0, -1.0, -1.0, -1.0, -1.0, 1.0, -1.0, -1.0, -1.0, 1.0, 1.0, -1.0, 1.0, 1.0, -1.0, -1.0, 1.0, -1.0, -1.0, -1.0, 1.0, 1.0]",59,"[0.0, 0.0, 20.0, 20.0, 20.0, 26.0, 26.0, 26.0, 26.0, 31.0, 32.0, 32.0, 32.0, 37.0, 87.0, 88.0, 88.0, 91.0, 92.0, 122.0, 7094.0, 7094.0, 7100.0, 7125.0, 7131.0, 7168.0, 7169.0, 7169.0, 7173.0, 7173.0]"
"[0.0, 3.0, 0.0, 0.0, 0.0, 0.0, 37.0, 53.0, 1.0, 0.0, 0.0, 2.0, 8.0, 13.0, 7.0, 30024.0, 15.0, 29955.0, 1.0, 49.0, 18.0, 30075.0, 21.0, 29903.0, 1.0, 10.0, 26.0, 30032.0, 24.0, 29956.0]","[1252.0, 1232.0, 1232.0, 1232.0, 744.0, 80.0, 1252.0, 224.0, 38.0, 112.0, 112.0, 272.0, 39.0, 35.0, 48.0, 30.0, 48.0, 57.0, 80.0, 39.0, 48.0, 30.0, 48.0, 57.0, 80.0, 39.0, 48.0, 30.0, 48.0, 57.0]","[1.0, -1.0, -1.0, -1.0, -1.0, -1.0, 1.0, 1.0, -1.0, -1.0, -1.0, -1.0, 1.0, 1.0, -1.0, 1.0, -1.0, 1.0, -1.0, 1.0, -1.0, 1.0, -1.0, 1.0, -1.0, 1.0, -1.0, 1.0, -1.0, 1.0]",66,"[0.0, 3.0, 3.0, 3.0, 3.0, 3.0, 40.0, 93.0, 94.0, 94.0, 94.0, 96.0, 104.0, 117.0, 124.0, 30148.0, 30163.0, 60118.0, 60119.0, 60168.0, 60186.0, 90261.0, 90282.0, 120185.0, 120186.0, 120196.0, 120222.0, 150254.0, 150278.0, 180234.0]"
"[0.0, 7.0, 9.0, 5.0, 0.0, 0.0, 0.0, 29.0, 13.0, 0.0, 5.0, 0.0, 3.0, 1.0, 2.0, 0.0, 0.0, 4.0, 23.0, 0.0, 13.0, 1.0, 10.0, 31.0, 1.0, 9846.0, 5.0, 6.0, 33.0, 7.0]","[1250.0, 1250.0, 1250.0, 1250.0, 1250.0, 1250.0, 690.0, 1250.0, 41.0, 41.0, 155.0, 1246.0, 998.0, 162.0, 628.0, 121.0, 25.0, 25.0, 33.0, 33.0, 780.0, 183.0, 37.0, 34.0, 25.0, 1246.0, 595.0, 27.0, 33.0, 466.0]","[1.0, -1.0, 1.0, -1.0, -1.0, -1.0, -1.0, -1.0, 1.0, 1.0, 1.0, 1.0, 1.0, 1.0, -1.0, -1.0, -1.0, -1.0, 1.0, 1.0, -1.0, -1.0, 1.0, 1.0, -1.0, 1.0, 1.0, -1.0, 1.0, -1.0]",55,"[0.0, 7.0, 16.0, 21.0, 21.0, 21.0, 21.0, 50.0, 63.0, 63.0, 68.0, 68.0, 71.0, 72.0, 74.0, 74.0, 74.0, 78.0, 101.0, 101.0, 114.0, 115.0, 125.0, 156.0, 157.0, 10003.0, 10008.0, 10014.0, 10047.0, 10054.0]"
"[0.0, 0.0, 21.0, 0.0, 0.0, 10.0, 31.0, 4.0, 0.0, 0.0, 1.0, 0.0, 6.0, 4.0, 6502.0, 5.0, 1.0, 6.0, 22.0, 0.0, 5.0, 27.0, 4.0, 858.0, 7.0, 32.0, 26.0, 0.0, 4.0, 0.0]","[1250.0, 78.0, 1250.0, 790.0, 67.0, 25.0, 1250.0, 1250.0, 41.0, 78.0, 33.0, 113.0, 120.0, 33.0, 1246.0, 998.0, 27.0, 31.0, 257.0, 25.0, 35.0, 33.0, 25.0, 198.0, 27.0, 33.0, 1246.0, 281.0, 25.0, 62.0]","[1.0, 1.0, -1.0, -1.0, -1.0, -1.0, -1.0, 1.0, 1.0, 1.0, 1.0, 1.0, -1.0, 1.0, 1.0, 1.0, -1.0, -1.0, -1.0, -1.0, 1.0, 1.0, -1.0, 1.0, -1.0, 1.0, -1.0, -1.0, -1.0, -1.0]",62,"[0.0, 0.0, 21.0, 21.0, 21.0, 31.0, 62.0, 66.0, 66.0, 66.0, 67.0, 67.0, 73.0, 77.0, 6579.0, 6584.0, 6585.0, 6591.0, 6613.0, 6613.0, 6618.0, 6645.0, 6649.0, 7507.0, 7514.0, 7546.0, 7572.0, 7572.0, 7576.0, 7576.0]"
"[0.0, 0.0, 1.0, 20.0, 0.0, 0.0, 0.0, 4.0, 0.0, 5.0, 0.0, 4.0, 25.0, 64.0, 0.0, 3.0, 6.0, 20.0, 3608.0, 6.0, 29.0, 73.0, 0.0, 4.0, 27.0, 4.0, 9123.0, 6.0, 29.0, 72.0]","[1250.0, 74.0, 489.0, 1250.0, 789.0, 91.0, 25.0, 78.0, 33.0, 120.0, 25.0, 33.0, 33.0, 292.0, 25.0, 35.0, 25.0, 33.0, 281.0, 27.0, 33.0, 86.0, 25.0, 35.0, 33.0, 25.0, 237.0, 27.0, 33.0, 67.0]","[1.0, 1.0, 1.0, -1.0, -1.0, -1.0, -1.0, 1.0, 1.0, -1.0, -1.0, 1.0, 1.0, -1.0, -1.0, 1.0, -1.0, 1.0, 1.0, -1.0, 1.0, -1.0, -1.0, 1.0, 1.0, -1.0, 1.0, -1.0, 1.0, -1.0]",59,"[0.0, 0.0, 1.0, 21.0, 21.0, 21.0, 21.0, 25.0, 25.0, 30.0, 30.0, 34.0, 59.0, 123.0, 123.0, 126.0, 132.0, 152.0, 3760.0, 3766.0, 3795.0, 3868.0, 3868.0, 3872.0, 3899.0, 3903.0, 13026.0, 13032.0, 13061.0, 13133.0]"
"[0.0, 2.0, 0.0, 0.0, 59.0, 0.0, 0.0, 0.0, 2.0, 153.0, 0.0, 52.0, 6324.0, 0.0, 1.0, 13.0, 39.0, 0.0, 147.0, 0.0, 148.0, 0.0, 1.0, 21.0, 121.0, 0.0, 562.0, 7.0, 31.0, 135.0]","[1232.0, 1232.0, 169.0, 80.0, 85.0, 80.0, 42.0, 112.0, 272.0, 109.0, 109.0, 48.0, 1232.0, 176.0, 48.0, 48.0, 1232.0, 272.0, 1232.0, 1232.0, 1232.0, 48.0, 1232.0, 48.0, 1232.0, 1232.0, 48.0, 48.0, 48.0, 48.0]","[1.0, -1.0, -1.0, -1.0, 1.0, 1.0, -1.0, -1.0, -1.0, -1.0, -1.0, 1.0, 1.0, 1.0, -1.0, -1.0, -1.0, -1.0, -1.0, -1.0, 1.0, -1.0, 1.0, -1.0, -1.0, -1.0, 1.0, 1.0, -1.0, 1.0]",28,"[0.0, 2.0, 2.0, 2.0, 61.0, 61.0, 61.0, 61.0, 63.0, 216.0, 216.0, 268.0, 6592.0, 6592.0, 6593.0, 6606.0, 6645.0, 6645.0, 6792.0, 6792.0, 6940.0, 6940.0, 6941.0, 6962.0, 7083.0, 7083.0, 7645.0, 7652.0, 7683.0, 7818.0]"
"[0.0, 0.0, 0.0, 20.0, 0.0, 0.0, 0.0, 6.0, 0.0, 6.0, 0.0, 6.0, 25.0, 60.0, 0.0, 6.0, 6.0, 21.0, 8430.0, 6.0, 32.0, 69.0, 1.0, 6.0, 26.0, 5.0, 26479.0, 6.0, 31.0, 70.0]","[1250.0, 80.0, 507.0, 1250.0, 778.0, 116.0, 25.0, 78.0, 33.0, 120.0, 25.0, 33.0, 33.0, 291.0, 25.0, 35.0, 25.0, 33.0, 277.0, 27.0, 33.0, 67.0, 25.0, 35.0, 33.0, 25.0, 252.0, 27.0, 33.0, 110.0]","[1.0, 1.0, 1.0, -1.0, -1.0, -1.0, -1.0, 1.0, 1.0, -1.0, -1.0, 1.0, 1.0, -1.0, -1.0, 1.0, -1.0, 1.0, 1.0, -1.0, 1.0, -1.0, -1.0, 1.0, 1.0, -1.0, 1.0, -1.0, 1.0, -1.0]",59,"[0.0, 0.0, 0.0, 20.0, 20.0, 20.0, 20.0, 26.0, 26.0, 32.0, 32.0, 38.0, 63.0, 123.0, 123.0, 129.0, 135.0, 156.0, 8586.0, 8592.0, 8624.0, 8693.0, 8694.0, 8700.0, 8726.0, 8731.0, 35210.0, 35216.0, 35247.0, 35317.0]"
"[0.0, 0.0, 0.0, 3.0, 0.0, 0.0, 0.0, 0.0, 1.0, 1.0, 7.0, 0.0, 0.0, 1.0, 0.0, 2.0, 4.0, 7.0, 8.0, 8127.0, 0.0, 1.0, 0.0, 31.0, 26.0, 96.0, 0.0, 1.0, 0.0, 465.0]","[1250.0, 79.0, 106.0, 1232.0, 186.0, 48.0, 80.0, 1246.0, 48.0, 208.0, 34.0, 1250.0, 38.0, 39.0, 112.0, 272.0, 1238.0, 34.0, 48.0, 768.0, 48.0, 48.0, 80.0, 38.0, 48.0, 33.0, 33.0, 48.0, 48.0, 33.0]","[1.0, 1.0, 1.0, -1.0, -1.0, -1.0, -1.0, 1.0, -1.0, -1.0, 1.0, 1.0, 1.0, -1.0, -1.0, -1.0, 1.0, 1.0, -1.0, 1.0, -1.0, -1.0, -1.0, 1.0, -1.0, 1.0, 1.0, -1.0, -1.0, 1.0]",32,"[0.0, 0.0, 0.0, 3.0, 3.0, 3.0, 3.0, 3.0, 4.0, 5.0, 12.0, 12.0, 12.0, 13.0, 13.0, 15.0, 19.0, 26.0, 34.0, 8161.0, 8161.0, 8162.0, 8162.0, 8193.0, 8219.0, 8315.0, 8315.0, 8316.0, 8316.0, 8781.0]"
"[0.0, 0.0, 1.0, 20.0, 0.0, 0.0, 0.0, 0.0, 16.0, 0.0, 38.0, 0.0, 0.0, 3.0, 3.0, 3.0, 19.0, 36.0, 25386.0, 6.0, 17.0, 0.0, 7.0, 25.0, 6.0, 26.0, 6.0, 16.0, 0.0, 81.0]","[1250.0, 76.0, 817.0, 1250.0, 780.0, 106.0, 25.0, 25.0, 378.0, 25.0, 78.0, 33.0, 33.0, 35.0, 120.0, 25.0, 33.0, 33.0, 631.0, 27.0, 173.0, 25.0, 35.0, 33.0, 25.0, 627.0, 27.0, 144.0, 25.0, 35.0]","[1.0, 1.0, 1.0, -1.0, -1.0, -1.0, -1.0, -1.0, -1.0, -1.0, 1.0, 1.0, 1.0, 1.0, -1.0, -1.0, 1.0, 1.0, 1.0, -1.0, -1.0, -1.0, 1.0, 1.0, -1.0, 1.0, -1.0, -1.0, -1.0, 1.0]",57,"[0.0, 0.0, 1.0, 21.0, 21.0, 21.0, 21.0, 21.0, 37.0, 37.0, 75.0, 75.0, 75.0, 78.0, 81.0, 84.0, 103.0, 139.0, 25525.0, 25531.0, 25548.0, 25548.0, 25555.0, 25580.0, 25586.0, 25612.0, 25618.0, 25634.0, 25634.0, 25715.0]"
"[0.0, 0.0, 20.0, 1.0, 0.0, 4.0, 0.0, 0.0, 0.0, 0.0, 6.0, 0.0, 0.0, 3.0, 54.0, 1.0, 0.0, 2.0, 0.0, 31.0, 12317.0, 0.0, 6.0, 25.0, 3.0, 23.0, 0.0, 0.0, 2.0, 0.0]","[1250.0, 79.0, 1250.0, 785.0, 84.0, 78.0, 33.0, 1246.0, 1250.0, 592.0, 126.0, 29.0, 25.0, 34.0, 838.0, 34.0, 257.0, 35.0, 33.0, 25.0, 1246.0, 391.0, 27.0, 25.0, 33.0, 411.0, 34.0, 152.0, 35.0, 33.0]","[1.0, 1.0, -1.0, -1.0, -1.0, 1.0, 1.0, 1.0, 1.0, 1.0, -1.0, -1.0, -1.0, 1.0, -1.0, -1.0, -1.0, 1.0, 1.0, -1.0, 1.0, 1.0, -1.0, -1.0, 1.0, -1.0, -1.0, -1.0, 1.0, 1.0]",59,"[0.0, 0.0, 20.0, 21.0, 21.0, 25.0, 25.0, 25.0, 25.0, 25.0, 31.0, 31.0, 31.0, 34.0, 88.0, 89.0, 89.0, 91.0, 91.0, 122.0, 12439.0, 12439.0, 12445.0, 12470.0, 12473.0, 12496.0, 12496.0, 12496.0, 12498.0, 12498.0]"
"[0.0, 2.0, 0.0, 0.0, 6.0, 1.0, 0.0, 0.0, 1.0, 0.0, 1.0, 4.0, 56.0, 0.0, 5.0, 17.0, 15651.0, 1.0, 0.0, 1.0, 0.0, 18.0, 0.0, 4.0, 289.0, 20.0, 9.0, 22.0, 58374.0, 0.0]","[1232.0, 1232.0, 169.0, 80.0, 1232.0, 84.0, 1232.0, 272.0, 42.0, 112.0, 272.0, 48.0, 1232.0, 528.0, 48.0, 48.0, 1232.0, 1232.0, 176.0, 48.0, 48.0, 48.0, 48.0, 48.0, 208.0, 48.0, 48.0, 48.0, 38.0, 33.0]","[1.0, -1.0, -1.0, -1.0, 1.0, 1.0, 1.0, 1.0, -1.0, -1.0, -1.0, 1.0, -1.0, -1.0, 1.0, -1.0, 1.0, 1.0, 1.0, 1.0, -1.0, -1.0, -1.0, 1.0, -1.0, -1.0, 1.0, -1.0, 1.0, -1.0]",66,"[0.0, 2.0, 2.0, 2.0, 8.0, 9.0, 9.0, 9.0, 10.0, 10.0, 11.0, 15.0, 71.0, 71.0, 76.0, 93.0, 15744.0, 15745.0, 15745.0, 15746.0, 15746.0, 15764.0, 15764.0, 15768.0, 16057.0, 16077.0, 16086.0, 16108.0, 74482.0, 74482.0]"
"[0.0, 1.0, 0.0, 20.0, 0.0, 0.0, 0.0, 3.0, 0.0, 6.0, 0.0, 3.0, 26.0, 64.0, 0.0, 3.0, 6.0, 20.0, 15419.0, 6.0, 29.0, 73.0, 0.0, 3.0, 26.0, 5.0, 6190.0, 6.0, 28.0, 74.0]","[1250.0, 75.0, 516.0, 1250.0, 775.0, 119.0, 25.0, 78.0, 33.0, 120.0, 25.0, 33.0, 33.0, 292.0, 25.0, 35.0, 25.0, 33.0, 240.0, 27.0, 33.0, 67.0, 25.0, 35.0, 33.0, 25.0, 238.0, 27.0, 33.0, 67.0]","[1.0, 1.0, 1.0, -1.0, -1.0, -1.0, -1.0, 1.0, 1.0, -1.0, -1.0, 1.0, 1.0, -1.0, -1.0, 1.0, -1.0, 1.0, 1.0, -1.0, 1.0, -1.0, -1.0, 1.0, 1.0, -1.0, 1.0, -1.0, 1.0, -1.0]",59,"[0.0, 1.0, 1.0, 21.0, 21.0, 21.0, 21.0, 24.0, 24.0, 30.0, 30.0, 33.0, 59.0, 123.0, 123.0, 126.0, 132.0, 152.0, 15571.0, 15577.0, 15606.0, 15679.0, 15679.0, 15682.0, 15708.0, 15713.0, 21903.0, 21909.0, 21937.0, 22011.0]"
"[0.0, 0.0, 0.0, 0.0, 20.0, 0.0, 0.0, 0.0, 1.0, 5.0, 0.0, 0.0, 2.0, 1.0, 3.0, 2.0, 3.0, 0.0, 0.0, 3.0, 2.0, 0.0, 6.0, 25094.0, 0.0, 6.0, 0.0, 5.0, 10.0, 1.0]","[1250.0, 74.0, 245.0, 213.0, 1250.0, 796.0, 53.0, 25.0, 25.0, 78.0, 33.0, 33.0, 794.0, 26.0, 120.0, 35.0, 529.0, 25.0, 33.0, 25.0, 35.0, 40.0, 25.0, 208.0, 206.0, 29.0, 29.0, 33.0, 579.0, 25.0]","[1.0, 1.0, 1.0, 1.0, -1.0, -1.0, -1.0, -1.0, -1.0, 1.0, 1.0, 1.0, -1.0, -1.0, -1.0, 1.0, -1.0, -1.0, 1.0, -1.0, 1.0, 1.0, -1.0, 1.0, 1.0, -1.0, -1.0, 1.0, -1.0, -1.0]",19,"[0.0, 0.0, 0.0, 0.0, 20.0, 20.0, 20.0, 20.0, 21.0, 26.0, 26.0, 26.0, 28.0, 29.0, 32.0, 34.0, 37.0, 37.0, 37.0, 40.0, 42.0, 42.0, 48.0, 25142.0, 25142.0, 25148.0, 25148.0, 25153.0, 25163.0, 25164.0]"
"[0.0, 21.0, 3.0, 7.0, 0.0, 3.0, 21.0, 1943.0, 6.0, 28.0, 1.0, 3.0, 31.0, 8940.0, 6.0, 22.0, 4.0, 31.0, 2951.0, 6.0, 22.0, 4.0, 32.0, 19941.0, 6.0, 21.0, 3.0, 31.0, 1945.0, 6.0]","[1230.0, 1230.0, 165.0, 518.0, 121.0, 33.0, 25.0, 969.0, 27.0, 33.0, 722.0, 35.0, 25.0, 153.0, 27.0, 1009.0, 35.0, 25.0, 153.0, 27.0, 993.0, 35.0, 25.0, 154.0, 27.0, 257.0, 35.0, 25.0, 217.0, 27.0]","[1.0, -1.0, 1.0, -1.0, -1.0, 1.0, -1.0, 1.0, -1.0, 1.0, -1.0, 1.0, -1.0, 1.0, -1.0, -1.0, 1.0, -1.0, 1.0, -1.0, -1.0, 1.0, -1.0, 1.0, -1.0, -1.0, 1.0, -1.0, 1.0, -1.0]",91,"[0.0, 21.0, 24.0, 31.0, 31.0, 34.0, 55.0, 1998.0, 2004.0, 2032.0, 2033.0, 2036.0, 2067.0, 11007.0, 11013.0, 11035.0, 11039.0, 11070.0, 14021.0, 14027.0, 14049.0, 14053.0, 14085.0, 34026.0, 34032.0, 34053.0, 34056.0, 34087.0, 36032.0, 36038.0]"
"[0.0, 0.0, 1.0, 20.0, 0.0, 0.0, 0.0, 4.0, 0.0, 0.0, 6.0, 0.0, 3.0, 25.0, 71.0, 0.0, 3.0, 6.0, 20.0, 21214.0, 6.0, 29.0, 79.0, 0.0, 3.0, 27.0, 5.0, 2613.0, 6.0, 27.0]","[1250.0, 77.0, 507.0, 1250.0, 793.0, 101.0, 25.0, 1250.0, 73.0, 33.0, 25.0, 120.0, 33.0, 33.0, 292.0, 25.0, 35.0, 25.0, 33.0, 242.0, 27.0, 33.0, 67.0, 25.0, 35.0, 33.0, 25.0, 238.0, 27.0, 33.0]","[1.0, 1.0, 1.0, -1.0, -1.0, -1.0, -1.0, 1.0, 1.0, 1.0, -1.0, -1.0, 1.0, 1.0, -1.0, -1.0, 1.0, -1.0, 1.0, 1.0, -1.0, 1.0, -1.0, -1.0, 1.0, 1.0, -1.0, 1.0, -1.0, 1.0]",59,"[0.0, 0.0, 1.0, 21.0, 21.0, 21.0, 21.0, 25.0, 25.0, 25.0, 31.0, 31.0, 34.0, 59.0, 130.0, 130.0, 133.0, 139.0, 159.0, 21373.0, 21379.0, 21408.0, 21487.0, 21487.0, 21490.0, 21517.0, 21522.0, 24135.0, 24141.0, 24168.0]"
"[0.0, 0.0, 32.0, 0.0, 3.0, 0.0, 1.0, 0.0, 0.0, 8.0, 10.0, 0.0, 1.0, 0.0, 2.0, 38.0, 1.0, 2.0, 27.0, 17.0, 21918.0, 0.0, 19.0, 25.0, 3.0, 15.0, 0.0, 2.0, 27.0, 17.0]","[1250.0, 78.0, 1250.0, 628.0, 79.0, 33.0, 1246.0, 1246.0, 1070.0, 26.0, 120.0, 25.0, 29.0, 25.0, 34.0, 932.0, 116.0, 35.0, 33.0, 25.0, 1246.0, 1245.0, 27.0, 25.0, 33.0, 667.0, 25.0, 35.0, 33.0, 25.0]","[1.0, 1.0, -1.0, -1.0, 1.0, 1.0, 1.0, 1.0, 1.0, -1.0, -1.0, -1.0, -1.0, -1.0, 1.0, -1.0, -1.0, 1.0, 1.0, -1.0, 1.0, 1.0, -1.0, -1.0, 1.0, -1.0, -1.0, 1.0, 1.0, -1.0]",55,"[0.0, 0.0, 32.0, 32.0, 35.0, 35.0, 36.0, 36.0, 36.0, 44.0, 54.0, 54.0, 55.0, 55.0, 57.0, 95.0, 96.0, 98.0, 125.0, 142.0, 22060.0, 22060.0, 22079.0, 22104.0, 22107.0, 22122.0, 22122.0, 22124.0, 22151.0, 22168.0]"
"[0.0, 0.0, 20.0, 0.0, 0.0, 8.0, 0.0, 1.0, 0.0, 0.0, 0.0, 0.0, 3.0, 2.0, 1.0, 1.0, 7.0, 12.0, 0.0, 0.0, 0.0, 8.0, 0.0, 6.0, 21.0, 9274.0, 0.0, 0.0, 6.0, 0.0]","[1250.0, 80.0, 1250.0, 780.0, 79.0, 78.0, 33.0, 1246.0, 1250.0, 653.0, 318.0, 989.0, 25.0, 120.0, 25.0, 30.0, 34.0, 342.0, 25.0, 39.0, 25.0, 35.0, 35.0, 25.0, 33.0, 1244.0, 1250.0, 452.0, 27.0, 25.0]","[1.0, 1.0, -1.0, -1.0, -1.0, 1.0, 1.0, 1.0, 1.0, 1.0, 1.0, 1.0, -1.0, -1.0, -1.0, -1.0, 1.0, -1.0, -1.0, -1.0, -1.0, 1.0, 1.0, -1.0, 1.0, 1.0, 1.0, 1.0, -1.0, -1.0]",101,"[0.0, 0.0, 20.0, 20.0, 20.0, 28.0, 28.0, 29.0, 29.0, 29.0, 29.0, 29.0, 32.0, 34.0, 35.0, 36.0, 43.0, 55.0, 55.0, 55.0, 55.0, 63.0, 63.0, 69.0, 90.0, 9364.0, 9364.0, 9364.0, 9370.0, 9370.0]"
"[0.0, 3.0, 0.0, 0.0, 0.0, 6.0, 1.0, 17.0, 0.0, 1.0, 0.0, 0.0, 1.0, 0.0, 0.0, 0.0, 1.0, 0.0, 1.0, 1.0, 1.0, 1.0, 14.0, 239.0, 0.0, 5.0, 0.0, 2.0, 16.0, 45947.0]","[1200.0, 1232.0, 1232.0, 1179.0, 80.0, 1200.0, 42.0, 80.0, 73.0, 39.0, 112.0, 34.0, 54.0, 34.0, 272.0, 770.0, 33.0, 404.0, 36.0, 36.0, 1232.0, 36.0, 48.0, 1232.0, 304.0, 36.0, 31.0, 31.0, 48.0, 754.0]","[1.0, -1.0, -1.0, -1.0, -1.0, 1.0, 1.0, -1.0, 1.0, -1.0, -1.0, 1.0, 1.0, 1.0, -1.0, 1.0, 1.0, 1.0, 1.0, 1.0, 1.0, 1.0, -1.0, -1.0, -1.0, 1.0, 1.0, 1.0, -1.0, 1.0]",32,"[0.0, 3.0, 3.0, 3.0, 3.0, 9.0, 10.0, 27.0, 27.0, 28.0, 28.0, 28.0, 29.0, 29.0, 29.0, 29.0, 30.0, 30.0, 31.0, 32.0, 33.0, 34.0, 48.0, 287.0, 287.0, 292.0, 292.0, 294.0, 310.0, 46257.0]"
"[0.0, 20.0, 0.0, 0.0, 62.0, 0.0, 0.0, 2.0, 2.0, 4.0, 1.0, 27.0, 2.0, 1.0, 3.0, 0.0, 3.0, 3.0, 2.0, 29.0, 26.0, 0.0, 16.0, 31.0, 10.0, 6973.0, 0.0, 0.0, 0.0, 1.0]","[1250.0, 1250.0, 791.0, 78.0, 1250.0, 1250.0, 77.0, 41.0, 112.0, 1060.0, 121.0, 157.0, 117.0, 35.0, 27.0, 218.0, 623.0, 33.0, 29.0, 33.0, 521.0, 226.0, 36.0, 25.0, 33.0, 276.0, 1246.0, 1250.0, 1250.0, 1226.0]","[1.0, -1.0, -1.0, -1.0, -1.0, 1.0, 1.0, 1.0, 1.0, -1.0, -1.0, 1.0, 1.0, 1.0, -1.0, 1.0, 1.0, -1.0, -1.0, 1.0, -1.0, -1.0, 1.0, -1.0, 1.0, 1.0, 1.0, 1.0, 1.0, 1.0]",55,"[0.0, 20.0, 20.0, 20.0, 82.0, 82.0, 82.0, 84.0, 86.0, 90.0, 91.0, 118.0, 120.0, 121.0, 124.0, 124.0, 127.0, 130.0, 132.0, 161.0, 187.0, 187.0, 203.0, 234.0, 244.0, 7217.0, 7217.0, 7217.0, 7217.0, 7218.0]"
"[0.0, 0.0, 1.0, 0.0, 0.0, 0.0, 0.0, 4.0, 0.0, 1.0, 0.0, 0.0, 0.0, 0.0, 0.0, 1.0, 0.0, 158.0, 27.0, 28251.0, 1.0, 13.0, 0.0, 0.0, 0.0, 0.0, 2.0, 0.0, 27.0, 2850.0]","[1250.0, 77.0, 1200.0, 52.0, 24.0, 24.0, 49.0, 90.0, 45.0, 45.0, 47.0, 73.0, 28.0, 1246.0, 193.0, 23.0, 45.0, 556.0, 45.0, 658.0, 24.0, 596.0, 1200.0, 1200.0, 204.0, 29.0, 45.0, 45.0, 45.0, 1246.0]","[1.0, 1.0, -1.0, -1.0, -1.0, -1.0, -1.0, 1.0, 1.0, 1.0, 1.0, -1.0, -1.0, 1.0, 1.0, -1.0, 1.0, -1.0, 1.0, 1.0, -1.0, -1.0, -1.0, -1.0, -1.0, -1.0, 1.0, 1.0, 1.0, 1.0]",17,"[0.0, 0.0, 1.0, 1.0, 1.0, 1.0, 1.0, 5.0, 5.0, 6.0, 6.0, 6.0, 6.0, 6.0, 6.0, 7.0, 7.0, 165.0, 192.0, 28443.0, 28444.0, 28457.0, 28457.0, 28457.0, 28457.0, 28457.0, 28459.0, 28459.0, 28486.0, 31336.0]"
"[0.0, 0.0, 1.0, 20.0, 0.0, 0.0, 0.0, 6.0, 0.0, 5.0, 0.0, 7.0, 28.0, 57.0, 0.0, 5.0, 6.0, 24.0, 10695.0, 6.0, 36.0, 66.0, 0.0, 5.0, 31.0, 2.0, 18608.0, 6.0, 25.0, 0.0]","[1250.0, 74.0, 517.0, 1250.0, 777.0, 117.0, 25.0, 78.0, 33.0, 120.0, 25.0, 33.0, 33.0, 292.0, 25.0, 35.0, 25.0, 33.0, 240.0, 27.0, 33.0, 67.0, 25.0, 35.0, 25.0, 33.0, 462.0, 27.0, 1246.0, 1250.0]","[1.0, 1.0, 1.0, -1.0, -1.0, -1.0, -1.0, 1.0, 1.0, -1.0, -1.0, 1.0, 1.0, -1.0, -1.0, 1.0, -1.0, 1.0, 1.0, -1.0, 1.0, -1.0, -1.0, 1.0, -1.0, 1.0, 1.0, -1.0, -1.0, -1.0]",59,"[0.0, 0.0, 1.0, 21.0, 21.0, 21.0, 21.0, 27.0, 27.0, 32.0, 32.0, 39.0, 67.0, 124.0, 124.0, 129.0, 135.0, 159.0, 10854.0, 10860.0, 10896.0, 10962.0, 10962.0, 10967.0, 10998.0, 11000.0, 29608.0, 29614.0, 29639.0, 29639.0]"
"[0.0, 3.0, 0.0, 0.0, 0.0, 0.0, 90.0, 1.0, 0.0, 0.0, 2.0, 8.0, 8.0, 19.0, 30009.0, 28.0, 29950.0, 1.0, 8.0, 20.0, 30050.0, 20.0, 29925.0, 1.0, 7.0, 22.0, 30049.0, 27.0, 29904.0, 1.0]","[1252.0, 1232.0, 1232.0, 1232.0, 748.0, 80.0, 1252.0, 38.0, 112.0, 112.0, 272.0, 39.0, 35.0, 48.0, 30.0, 48.0, 57.0, 80.0, 39.0, 48.0, 30.0, 48.0, 57.0, 80.0, 39.0, 48.0, 30.0, 48.0, 57.0, 80.0]","[1.0, -1.0, -1.0, -1.0, -1.0, -1.0, 1.0, -1.0, -1.0, -1.0, -1.0, 1.0, 1.0, -1.0, 1.0, -1.0, 1.0, -1.0, 1.0, -1.0, 1.0, -1.0, 1.0, -1.0, 1.0, -1.0, 1.0, -1.0, 1.0, -1.0]",66,"[0.0, 3.0, 3.0, 3.0, 3.0, 3.0, 93.0, 94.0, 94.0, 94.0, 96.0, 104.0, 112.0, 131.0, 30140.0, 30168.0, 60118.0, 60119.0, 60127.0, 60147.0, 90197.0, 90217.0, 120142.0, 120143.0, 120150.0, 120172.0, 150221.0, 150248.0, 180152.0, 180153.0]"
"[0.0, 0.0, 0.0, 21.0, 0.0, 0.0, 0.0, 3.0, 0.0, 6.0, 0.0, 2.0, 26.0, 65.0, 0.0, 6.0, 6.0, 20.0, 23844.0, 6.0, 28.0, 75.0, 0.0, 3.0, 27.0, 5.0, 3694.0, 6.0, 28.0, 74.0]","[1250.0, 78.0, 516.0, 1250.0, 788.0, 92.0, 25.0, 78.0, 33.0, 120.0, 25.0, 33.0, 33.0, 292.0, 25.0, 35.0, 25.0, 33.0, 282.0, 27.0, 33.0, 86.0, 25.0, 35.0, 33.0, 25.0, 238.0, 27.0, 33.0, 67.0]","[1.0, 1.0, 1.0, -1.0, -1.0, -1.0, -1.0, 1.0, 1.0, -1.0, -1.0, 1.0, 1.0, -1.0, -1.0, 1.0, -1.0, 1.0, 1.0, -1.0, 1.0, -1.0, -1.0, 1.0, 1.0, -1.0, 1.0, -1.0, 1.0, -1.0]",59,"[0.0, 0.0, 0.0, 21.0, 21.0, 21.0, 21.0, 24.0, 24.0, 30.0, 30.0, 32.0, 58.0, 123.0, 123.0, 129.0, 135.0, 155.0, 23999.0, 24005.0, 24033.0, 24108.0, 24108.0, 24111.0, 24138.0, 24143.0, 27837.0, 27843.0, 27871.0, 27945.0]"
"[0.0, 7.0, 1.0, 13.0, 0.0, 0.0, 0.0, 7.0, 0.0, 6.0, 0.0, 4.0, 0.0, 1.0, 3.0, 3.0, 2.0, 3.0, 13406.0, 1.0, 5.0, 1.0, 5.0, 11.0, 1.0, 0.0, 0.0, 8.0, 0.0, 6.0]","[1250.0, 78.0, 464.0, 1250.0, 785.0, 86.0, 25.0, 78.0, 33.0, 120.0, 25.0, 1246.0, 217.0, 237.0, 33.0, 35.0, 33.0, 25.0, 92.0, 108.0, 29.0, 29.0, 33.0, 613.0, 164.0, 722.0, 275.0, 35.0, 35.0, 25.0]","[1.0, 1.0, 1.0, -1.0, -1.0, -1.0, -1.0, 1.0, 1.0, -1.0, -1.0, -1.0, -1.0, -1.0, 1.0, 1.0, 1.0, -1.0, 1.0, 1.0, -1.0, -1.0, 1.0, -1.0, -1.0, -1.0, -1.0, 1.0, 1.0, -1.0]",49,"[0.0, 7.0, 8.0, 21.0, 21.0, 21.0, 21.0, 28.0, 28.0, 34.0, 34.0, 38.0, 38.0, 39.0, 42.0, 45.0, 47.0, 50.0, 13456.0, 13457.0, 13462.0, 13463.0, 13468.0, 13479.0, 13480.0, 13480.0, 13480.0, 13488.0, 13488.0, 13494.0]"
"[0.0, 1.0, 9.0, 0.0, 0.0, 0.0, 0.0, 9.0, 0.0, 0.0, 0.0, 7.0, 1.0, 175.0, 35.0, 4117.0, 2.0, 141.0, 35.0, 13163.0, 1.0, 137.0, 33.0, 15519.0, 1.0, 239.0, 33.0, 153.0, 1.0, 207.0]","[1350.0, 1200.0, 91.0, 99.0, 24.0, 24.0, 49.0, 45.0, 45.0, 47.0, 28.0, 962.0, 24.0, 588.0, 45.0, 909.0, 24.0, 725.0, 45.0, 909.0, 24.0, 719.0, 45.0, 910.0, 24.0, 722.0, 45.0, 992.0, 24.0, 1083.0]","[1.0, -1.0, 1.0, -1.0, -1.0, -1.0, -1.0, 1.0, 1.0, 1.0, -1.0, 1.0, -1.0, -1.0, 1.0, 1.0, -1.0, -1.0, 1.0, 1.0, -1.0, -1.0, 1.0, 1.0, -1.0, -1.0, 1.0, 1.0, -1.0, -1.0]",17,"[0.0, 1.0, 10.0, 10.0, 10.0, 10.0, 10.0, 19.0, 19.0, 19.0, 19.0, 26.0, 27.0, 202.0, 237.0, 4354.0, 4356.0, 4497.0, 4532.0, 17695.0, 17696.0, 17833.0, 17866.0, 33385.0, 33386.0, 33625.0, 33658.0, 33811.0, 33812.0, 34019.0]"
"[0.0, 3.0, 0.0, 0.0, 0.0, 7.0, 3.0, 22.0, 5.0, 0.0, 0.0, 1.0, 0.0, 0.0, 0.0, 0.0, 1.0, 4.0, 0.0, 0.0, 1.0, 1.0, 0.0, 1.0, 22.0, 14.0, 26.0, 0.0, 14.0, 26264.0]","[1200.0, 1232.0, 1232.0, 1180.0, 80.0, 1200.0, 42.0, 80.0, 73.0, 35.0, 54.0, 39.0, 112.0, 34.0, 375.0, 33.0, 272.0, 1197.0, 1197.0, 660.0, 37.0, 37.0, 1252.0, 37.0, 48.0, 560.0, 37.0, 31.0, 48.0, 263.0]","[1.0, -1.0, -1.0, -1.0, -1.0, 1.0, 1.0, -1.0, 1.0, 1.0, 1.0, -1.0, -1.0, 1.0, 1.0, 1.0, -1.0, 1.0, 1.0, 1.0, 1.0, 1.0, 1.0, 1.0, -1.0, -1.0, 1.0, 1.0, -1.0, 1.0]",28,"[0.0, 3.0, 3.0, 3.0, 3.0, 10.0, 13.0, 35.0, 40.0, 40.0, 40.0, 41.0, 41.0, 41.0, 41.0, 41.0, 42.0, 46.0, 46.0, 46.0, 47.0, 48.0, 48.0, 49.0, 71.0, 85.0, 111.0, 111.0, 125.0, 26389.0]"
"[0.0, 0.0, 21.0, 0.0, 0.0, 11.0, 36.0, 0.0, 0.0, 4.0, 0.0, 0.0, 0.0, 0.0, 0.0, 2.0, 4.0, 0.0, 0.0, 22.0, 0.0, 79.0, 36.0, 0.0, 0.0, 1.0, 29.0, 19057.0, 0.0, 1.0]","[1250.0, 75.0, 1250.0, 782.0, 96.0, 25.0, 1250.0, 73.0, 33.0, 738.0, 1246.0, 1250.0, 1250.0, 1250.0, 1035.0, 120.0, 29.0, 25.0, 25.0, 506.0, 61.0, 120.0, 34.0, 36.0, 33.0, 33.0, 25.0, 126.0, 1246.0, 1250.0]","[1.0, 1.0, -1.0, -1.0, -1.0, -1.0, 1.0, 1.0, 1.0, 1.0, 1.0, 1.0, 1.0, 1.0, 1.0, -1.0, -1.0, -1.0, -1.0, -1.0, -1.0, -1.0, 1.0, 1.0, 1.0, 1.0, -1.0, 1.0, 1.0, 1.0]",101,"[0.0, 0.0, 21.0, 21.0, 21.0, 32.0, 68.0, 68.0, 68.0, 72.0, 72.0, 72.0, 72.0, 72.0, 72.0, 74.0, 78.0, 78.0, 78.0, 100.0, 100.0, 179.0, 215.0, 215.0, 215.0, 216.0, 245.0, 19302.0, 19302.0, 19303.0]"
"[0.0, 3.0, 0.0, 0.0, 6.0, 0.0, 0.0, 0.0, 2.0, 7.0, 493.0, 0.0, 1.0, 19.0, 10.0, 20.0, 0.0, 0.0, 0.0, 23.0, 0.0, 32.0, 0.0, 32.0, 220.0, 21.0, 4390.0, 1.0, 51.0, 28.0]","[1232.0, 1232.0, 168.0, 80.0, 85.0, 80.0, 42.0, 112.0, 272.0, 48.0, 1232.0, 176.0, 48.0, 48.0, 48.0, 1232.0, 1232.0, 144.0, 80.0, 1232.0, 1232.0, 1232.0, 1232.0, 48.0, 48.0, 48.0, 528.0, 48.0, 48.0, 48.0]","[1.0, -1.0, -1.0, -1.0, 1.0, 1.0, -1.0, -1.0, -1.0, 1.0, 1.0, 1.0, -1.0, -1.0, 1.0, -1.0, -1.0, -1.0, -1.0, -1.0, -1.0, -1.0, -1.0, 1.0, 1.0, -1.0, 1.0, -1.0, -1.0, 1.0]",66,"[0.0, 3.0, 3.0, 3.0, 9.0, 9.0, 9.0, 9.0, 11.0, 18.0, 511.0, 511.0, 512.0, 531.0, 541.0, 561.0, 561.0, 561.0, 561.0, 584.0, 584.0, 616.0, 616.0, 648.0, 868.0, 889.0, 5279.0, 5280.0, 5331.0, 5359.0]"
"[0.0, 2.0, 4.0, 0.0, 1.0, 0.0, 0.0, 0.0, 5.0, 0.0, 0.0, 1.0, 0.0, 7.0, 1.0, 0.0, 4.0, 25.0, 10.0, 0.0, 15637.0, 1.0, 0.0, 6.0, 1.0, 1.0, 21556.0, 0.0, 159.0, 0.0]","[1350.0, 1200.0, 1350.0, 1350.0, 1200.0, 24.0, 24.0, 49.0, 90.0, 23.0, 380.0, 139.0, 31.0, 167.0, 1200.0, 689.0, 45.0, 45.0, 45.0, 25.0, 359.0, 359.0, 25.0, 1061.0, 803.0, 45.0, 360.0, 23.0, 1200.0, 1200.0]","[1.0, -1.0, 1.0, 1.0, -1.0, -1.0, -1.0, -1.0, 1.0, -1.0, 1.0, 1.0, -1.0, 1.0, -1.0, -1.0, 1.0, 1.0, 1.0, -1.0, 1.0, 1.0, -1.0, -1.0, -1.0, 1.0, 1.0, -1.0, -1.0, -1.0]",17,"[0.0, 2.0, 6.0, 6.0, 7.0, 7.0, 7.0, 7.0, 12.0, 12.0, 12.0, 13.0, 13.0, 20.0, 21.0, 21.0, 25.0, 50.0, 60.0, 60.0, 15697.0, 15698.0, 15698.0, 15704.0, 15705.0, 15706.0, 37262.0, 37262.0, 37421.0, 37421.0]"
"[0.0, 3.0, 0.0, 0.0, 9.0, 1.0, 0.0, 1.0, 0.0, 0.0, 0.0, 0.0, 0.0, 0.0, 0.0, 0.0, 0.0, 0.0, 0.0, 1.0, 1.0, 5.0, 1.0, 1.0, 0.0, 23.0, 23.0, 9.0, 19.0, 59851.0]","[1232.0, 1232.0, 169.0, 80.0, 1232.0, 84.0, 1232.0, 1232.0, 1232.0, 1232.0, 1232.0, 1232.0, 1232.0, 1232.0, 1232.0, 42.0, 112.0, 1232.0, 1232.0, 48.0, 272.0, 1232.0, 1232.0, 1072.0, 48.0, 48.0, 592.0, 48.0, 48.0, 38.0]","[1.0, -1.0, -1.0, -1.0, 1.0, 1.0, 1.0, 1.0, 1.0, 1.0, 1.0, 1.0, 1.0, 1.0, 1.0, -1.0, -1.0, 1.0, 1.0, -1.0, -1.0, 1.0, 1.0, 1.0, 1.0, -1.0, -1.0, 1.0, -1.0, 1.0]",28,"[0.0, 3.0, 3.0, 3.0, 12.0, 13.0, 13.0, 14.0, 14.0, 14.0, 14.0, 14.0, 14.0, 14.0, 14.0, 14.0, 14.0, 14.0, 14.0, 15.0, 16.0, 21.0, 22.0, 23.0, 23.0, 46.0, 69.0, 78.0, 97.0, 59948.0]"
"[0.0, 0.0, 2.0, 0.0, 0.0, 0.0, 0.0, 2.0, 0.0, 0.0, 0.0, 0.0, 1.0, 2.0, 124.0, 28.0, 19494.0, 0.0, 197.0, 0.0, 0.0, 0.0, 2.0, 0.0, 523.0, 0.0, 0.0, 1.0, 113.0, 28.0]","[1350.0, 78.0, 1200.0, 52.0, 24.0, 24.0, 49.0, 91.0, 73.0, 925.0, 46.0, 47.0, 28.0, 45.0, 554.0, 45.0, 871.0, 23.0, 1200.0, 1200.0, 1200.0, 119.0, 45.0, 45.0, 1344.0, 1350.0, 132.0, 23.0, 480.0, 45.0]","[1.0, 1.0, -1.0, -1.0, -1.0, -1.0, -1.0, 1.0, -1.0, 1.0, 1.0, 1.0, -1.0, 1.0, -1.0, 1.0, 1.0, -1.0, -1.0, -1.0, -1.0, -1.0, 1.0, 1.0, 1.0, 1.0, 1.0, -1.0, -1.0, 1.0]",17,"[0.0, 0.0, 2.0, 2.0, 2.0, 2.0, 2.0, 4.0, 4.0, 4.0, 4.0, 4.0, 5.0, 7.0, 131.0, 159.0, 19653.0, 19653.0, 19850.0, 19850.0, 19850.0, 19850.0, 19852.0, 19852.0, 20375.0, 20375.0, 20375.0, 20376.0, 20489.0, 20517.0]"
"[0.0, 3.0, 0.0, 0.0, 0.0, 0.0, 87.0, 1.0, 0.0, 0.0, 1.0, 5.0, 27.0, 30033.0, 26.0, 29930.0, 0.0, 9.0, 30.0, 30040.0, 23.0, 29914.0, 1.0, 7.0, 25.0, 30024.0, 20.0, 29949.0, 1.0, 10.0]","[1252.0, 1232.0, 1232.0, 1232.0, 748.0, 80.0, 1252.0, 38.0, 112.0, 112.0, 272.0, 39.0, 48.0, 30.0, 48.0, 57.0, 80.0, 39.0, 48.0, 30.0, 48.0, 57.0, 80.0, 39.0, 48.0, 30.0, 48.0, 57.0, 80.0, 39.0]","[1.0, -1.0, -1.0, -1.0, -1.0, -1.0, 1.0, -1.0, -1.0, -1.0, -1.0, 1.0, -1.0, 1.0, -1.0, 1.0, -1.0, 1.0, -1.0, 1.0, -1.0, 1.0, -1.0, 1.0, -1.0, 1.0, -1.0, 1.0, -1.0, 1.0]",66,"[0.0, 3.0, 3.0, 3.0, 3.0, 3.0, 90.0, 91.0, 91.0, 91.0, 92.0, 97.0, 124.0, 30157.0, 30183.0, 60113.0, 60113.0, 60122.0, 60152.0, 90192.0, 90215.0, 120129.0, 120130.0, 120137.0, 120162.0, 150186.0, 150206.0, 180155.0, 180156.0, 180166.0]"
"[0.0, 1.0, 0.0, 2.0, 0.0, 0.0, 0.0, 0.0, 1.0, 8.0, 0.0, 0.0, 0.0, 0.0, 2.0, 10.0, 3680.0, 0.0, 1.0, 7.0, 28.0, 481.0, 1.0, 0.0, 0.0, 13.0, 17.0, 15986.0, 1.0, 0.0]","[1250.0, 77.0, 1086.0, 1232.0, 187.0, 48.0, 80.0, 48.0, 208.0, 1250.0, 34.0, 39.0, 112.0, 38.0, 272.0, 34.0, 351.0, 48.0, 80.0, 38.0, 48.0, 1246.0, 1020.0, 48.0, 112.0, 38.0, 48.0, 305.0, 48.0, 80.0]","[1.0, 1.0, 1.0, -1.0, -1.0, -1.0, -1.0, -1.0, -1.0, 1.0, 1.0, -1.0, -1.0, 1.0, -1.0, 1.0, 1.0, -1.0, -1.0, 1.0, -1.0, 1.0, 1.0, -1.0, -1.0, 1.0, -1.0, 1.0, -1.0, -1.0]",32,"[0.0, 1.0, 1.0, 3.0, 3.0, 3.0, 3.0, 3.0, 4.0, 12.0, 12.0, 12.0, 12.0, 12.0, 14.0, 24.0, 3704.0, 3704.0, 3705.0, 3712.0, 3740.0, 4221.0, 4222.0, 4222.0, 4222.0, 4235.0, 4252.0, 20238.0, 20239.0, 20239.0]"
"[0.0, 20.0, 0.0, 0.0, 7.0, 4.0, 6.0, 9.0, 3.0, 1.0, 2.0, 0.0, 0.0, 14.0, 3.0, 3.0, 0.0, 1.0, 0.0, 24.0, 1.0, 20.0, 9.0, 5083.0, 2.0, 1.0, 0.0, 19.0, 1.0, 0.0]","[1250.0, 1250.0, 779.0, 76.0, 78.0, 1246.0, 1250.0, 984.0, 51.0, 25.0, 1250.0, 73.0, 33.0, 25.0, 27.0, 120.0, 33.0, 315.0, 25.0, 33.0, 35.0, 25.0, 33.0, 1250.0, 1250.0, 360.0, 42.0, 25.0, 25.0, 25.0]","[1.0, -1.0, -1.0, -1.0, 1.0, 1.0, 1.0, 1.0, 1.0, -1.0, 1.0, 1.0, 1.0, -1.0, -1.0, -1.0, 1.0, -1.0, -1.0, 1.0, 1.0, -1.0, 1.0, 1.0, 1.0, 1.0, 1.0, -1.0, -1.0, -1.0]",101,"[0.0, 20.0, 20.0, 20.0, 27.0, 31.0, 37.0, 46.0, 49.0, 50.0, 52.0, 52.0, 52.0, 66.0, 69.0, 72.0, 72.0, 73.0, 73.0, 97.0, 98.0, 118.0, 127.0, 5210.0, 5212.0, 5213.0, 5213.0, 5232.0, 5233.0, 5233.0]"
"[0.0, 4.0, 0.0, 0.0, 0.0, 0.0, 112.0, 0.0, 135.0, 1.0, 0.0, 0.0, 0.0, 411.0, 0.0, 494.0, 0.0, 0.0, 0.0, 0.0, 2.0, 161.0, 1.0, 156.0, 8569.0, 0.0, 1.0, 0.0, 40.0, 0.0]","[1232.0, 1232.0, 1232.0, 1232.0, 1030.0, 80.0, 1232.0, 1232.0, 1232.0, 1231.0, 1232.0, 1232.0, 48.0, 1223.0, 1232.0, 89.0, 42.0, 80.0, 112.0, 80.0, 272.0, 53.0, 48.0, 48.0, 144.0, 1232.0, 48.0, 48.0, 48.0, 48.0]","[1.0, -1.0, -1.0, -1.0, -1.0, -1.0, -1.0, -1.0, 1.0, -1.0, -1.0, -1.0, -1.0, -1.0, -1.0, 1.0, -1.0, 1.0, -1.0, -1.0, -1.0, 1.0, 1.0, 1.0, 1.0, 1.0, -1.0, -1.0, 1.0, -1.0]",66,"[0.0, 4.0, 4.0, 4.0, 4.0, 4.0, 116.0, 116.0, 251.0, 252.0, 252.0, 252.0, 252.0, 663.0, 663.0, 1157.0, 1157.0, 1157.0, 1157.0, 1157.0, 1159.0, 1320.0, 1321.0, 1477.0, 10046.0, 10046.0, 10047.0, 10047.0, 10087.0, 10087.0]"
"[0.0, 3.0, 0.0, 0.0, 8.0, 0.0, 1.0, 0.0, 0.0, 2.0, 7.0, 0.0, 21.0, 180.0, 26.0, 30.0, 20.0, 15751.0, 0.0, 0.0, 21.0, 22.0, 162.0, 52.0, 33.0, 20.0, 3.0, 13998.0, 1.0, 29.0]","[1232.0, 1232.0, 169.0, 80.0, 1232.0, 84.0, 1232.0, 42.0, 112.0, 272.0, 304.0, 48.0, 48.0, 592.0, 592.0, 48.0, 48.0, 1232.0, 272.0, 48.0, 48.0, 48.0, 272.0, 48.0, 48.0, 48.0, 48.0, 1232.0, 48.0, 48.0]","[1.0, -1.0, -1.0, -1.0, 1.0, 1.0, 1.0, -1.0, -1.0, -1.0, 1.0, 1.0, -1.0, -1.0, -1.0, 1.0, -1.0, 1.0, 1.0, -1.0, -1.0, 1.0, -1.0, -1.0, 1.0, -1.0, 1.0, 1.0, -1.0, 1.0]",28,"[0.0, 3.0, 3.0, 3.0, 11.0, 11.0, 12.0, 12.0, 12.0, 14.0, 21.0, 21.0, 42.0, 222.0, 248.0, 278.0, 298.0, 16049.0, 16049.0, 16049.0, 16070.0, 16092.0, 16254.0, 16306.0, 16339.0, 16359.0, 16362.0, 30360.0, 30361.0, 30390.0]"
"[0.0, 0.0, 21.0, 0.0, 0.0, 4.0, 0.0, 0.0, 6.0, 1.0, 4.0, 16.0, 1.0, 3.0, 3.0, 5.0, 4599.0, 6.0, 21.0, 0.0, 4.0, 4.0, 6.0, 14526.0, 6.0, 24.0, 0.0, 4.0, 4.0, 5.0]","[1250.0, 79.0, 1250.0, 785.0, 72.0, 78.0, 33.0, 1079.0, 126.0, 29.0, 34.0, 860.0, 25.0, 35.0, 41.0, 25.0, 364.0, 27.0, 517.0, 25.0, 35.0, 41.0, 25.0, 333.0, 27.0, 488.0, 25.0, 35.0, 41.0, 25.0]","[1.0, 1.0, -1.0, -1.0, -1.0, 1.0, 1.0, 1.0, -1.0, -1.0, 1.0, -1.0, -1.0, 1.0, 1.0, -1.0, 1.0, -1.0, -1.0, -1.0, 1.0, 1.0, -1.0, 1.0, -1.0, -1.0, -1.0, 1.0, 1.0, -1.0]",62,"[0.0, 0.0, 21.0, 21.0, 21.0, 25.0, 25.0, 25.0, 31.0, 32.0, 36.0, 52.0, 53.0, 56.0, 59.0, 64.0, 4663.0, 4669.0, 4690.0, 4690.0, 4694.0, 4698.0, 4704.0, 19230.0, 19236.0, 19260.0, 19260.0, 19264.0, 19268.0, 19273.0]"
