run_id,dataset,dataset_type,big_window_s,feature_config,model,window,training_seed,seq_len,num_class,val_acc,val_f1,train_acc,train_f1,training_time,result_csv,checkpoint,checkpoint_bytes,checkpoint_loads,has_result_csv,status,error
CESNET5s_dir_8feat_timesnet_20ms_seed0,Cesnet,dir,5,8feat,timesnet,20ms,0,250,18,85.54%,82.96%,85.46%,83.73%,19:04:46,"Cesnet_model_Adam_optimizer_CrossEntropyLoss_vec[upstream,downstream,ratio]_20260829_084921_detailed.csv",prod_ckpt_8feat_seed0/Cesnet/18/timesnet_classifier_250_best_val.pth,117325228,True,True,OK,
CESNET5s_dir_8feat_timesnet_30ms_seed0,Cesnet,dir,5,8feat,timesnet,30ms,0,167,18,83.57%,80.56%,83.39%,81.31%,9:42:45,"Cesnet_model_Adam_optimizer_CrossEntropyLoss_vec[upstream,downstream,ratio]_20260830_121050_detailed.csv",prod_ckpt_8feat_seed0/Cesnet/18/timesnet_classifier_167_best_val.pth,116177900,True,True,OK,
CESNET5s_dir_8feat_timesnet_40ms_seed0,Cesnet,dir,5,8feat,timesnet,40ms,0,125,18,Error,Error,Error,Error,Error,"Cesnet_model_Adam_optimizer_CrossEntropyLoss_vec[upstream,downstream,ratio]_20260831_035544_detailed.csv",,0,False,True,PENDING,
CESNET5s_dir_8feat_timesnet_50ms_seed0,Cesnet,dir,5,8feat,timesnet,50ms,0,100,18,78.35%,74.77%,79.01%,76.46%,7:21:40,"Cesnet_model_Adam_optimizer_CrossEntropyLoss_vec[upstream,downstream,ratio]_20260901_084715_detailed.csv",prod_ckpt_8feat_seed0/Cesnet/18/timesnet_classifier_100_best_val.pth,115251692,True,True,OK,
CESNET5s_dir_8feat_timesnet_75ms_seed0,Cesnet,dir,5,8feat,timesnet,75ms,0,67,18,,,,,,,,0,False,False,PENDING,
CESNET5s_dir_8feat_timesnet_100ms_seed0,Cesnet,dir,5,8feat,timesnet,100ms,0,50,18,,,,,,,,0,False,False,PENDING,
CESNET5s_dir_8feat_timesnet_150ms_seed0,Cesnet,dir,5,8feat,timesnet,150ms,0,34,18,,,,,,,,0,False,False,PENDING,
CESNET5s_dir_8feat_timesnet_200ms_seed0,Cesnet,dir,5,8feat,timesnet,200ms,0,25,18,,,,,,,,0,False,False,PENDING,
CESNET5s_dir_8feat_timesnet_250ms_seed0,Cesnet,dir,5,8feat,timesnet,250ms,0,21,18,,,,,,,,0,False,False,PENDING,
CESNET5s_dir_8feat_informer_20ms_seed0,Cesnet,dir,5,8feat,informer,20ms,0,250,18,88.48%,86.32%,90.52%,89.34%,5:26:44,"Cesnet_model_Adam_optimizer_CrossEntropyLoss_vec[upstream,downstream,ratio]_20260829_141628_detailed.csv",prod_ckpt_8feat_seed0/Cesnet/18/informer_classifier_250_best_val.pth,47554948,True,True,OK,
CESNET5s_dir_8feat_informer_30ms_seed0,Cesnet,dir,5,8feat,informer,30ms,0,167,18,89.28%,87.21%,90.55%,89.31%,5:11:09,"Cesnet_model_Adam_optimizer_CrossEntropyLoss_vec[upstream,downstream,ratio]_20260830_172216_detailed.csv",prod_ckpt_8feat_seed0/Cesnet/18/informer_classifier_167_best_val.pth,42965380,True,True,OK,
CESNET5s_dir_8feat_informer_40ms_seed0,Cesnet,dir,5,8feat,informer,40ms,0,125,18,87.79%,85.61%,88.36%,86.98%,7:47:55,"Cesnet_model_Adam_optimizer_CrossEntropyLoss_vec[upstream,downstream,ratio]_20260831_114352_detailed.csv",prod_ckpt_8feat_seed0/Cesnet/18/informer_classifier_125_best_val.pth,40642948,True,True,OK,
CESNET5s_dir_8feat_informer_50ms_seed0,Cesnet,dir,5,8feat,informer,50ms,0,100,18,86.86%,84.51%,87.66%,86.20%,6:42:01,"Cesnet_model_Adam_optimizer_CrossEntropyLoss_vec[upstream,downstream,ratio]_20260901_152926_detailed.csv",prod_ckpt_8feat_seed0/Cesnet/18/informer_classifier_100_best_val.pth,39260548,True,True,OK,
CESNET5s_dir_8feat_informer_75ms_seed0,Cesnet,dir,5,8feat,informer,75ms,0,67,18,,,,,,,,0,False,False,PENDING,
CESNET5s_dir_8feat_informer_100ms_seed0,Cesnet,dir,5,8feat,informer,100ms,0,50,18,,,,,,,,0,False,False,PENDING,
CESNET5s_dir_8feat_informer_150ms_seed0,Cesnet,dir,5,8feat,informer,150ms,0,34,18,,,,,,,,0,False,False,PENDING,
CESNET5s_dir_8feat_informer_200ms_seed0,Cesnet,dir,5,8feat,informer,200ms,0,25,18,,,,,,,,0,False,False,PENDING,
CESNET5s_dir_8feat_informer_250ms_seed0,Cesnet,dir,5,8feat,informer,250ms,0,21,18,,,,,,,,0,False,False,PENDING,
CESNET5s_dir_8feat_nst_20ms_seed0,Cesnet,dir,5,8feat,nst,20ms,0,250,18,85.67%,82.98%,84.97%,83.25%,3:01:04,"Cesnet_model_Adam_optimizer_CrossEntropyLoss_vec[upstream,downstream,ratio]_20260829_171753_detailed.csv",prod_ckpt_8feat_seed0/Cesnet/18/nst_classifier_250_best_val.pth,6492918,True,True,OK,
CESNET5s_dir_8feat_nst_30ms_seed0,Cesnet,dir,5,8feat,nst,30ms,0,167,18,Error,Error,Error,Error,Error,"Cesnet_model_Adam_optimizer_CrossEntropyLoss_vec[upstream,downstream,ratio]_20260830_172236_detailed.csv",,0,False,True,PENDING,
CESNET5s_dir_8feat_nst_40ms_seed0,Cesnet,dir,5,8feat,nst,40ms,0,125,18,80.62%,77.02%,80.27%,77.91%,1:54:26,"Cesnet_model_Adam_optimizer_CrossEntropyLoss_vec[upstream,downstream,ratio]_20260831_133830_detailed.csv",prod_ckpt_8feat_seed0/Cesnet/18/nst_classifier_125_best_val.pth,4659766,True,True,OK,
CESNET5s_dir_8feat_nst_50ms_seed0,Cesnet,dir,5,8feat,nst,50ms,0,100,18,Error,Error,Error,Error,Error,"Cesnet_model_Adam_optimizer_CrossEntropyLoss_vec[upstream,downstream,ratio]_20260901_153241_detailed.csv",,0,False,True,PENDING,
CESNET5s_dir_8feat_nst_75ms_seed0,Cesnet,dir,5,8feat,nst,75ms,0,67,18,,,,,,,,0,False,False,PENDING,
CESNET5s_dir_8feat_nst_100ms_seed0,Cesnet,dir,5,8feat,nst,100ms,0,50,18,,,,,,,,0,False,False,PENDING,
CESNET5s_dir_8feat_nst_150ms_seed0,Cesnet,dir,5,8feat,nst,150ms,0,34,18,,,,,,,,0,False,False,PENDING,
CESNET5s_dir_8feat_nst_200ms_seed0,Cesnet,dir,5,8feat,nst,200ms,0,25,18,,,,,,,,0,False,False,PENDING,
CESNET5s_dir_8feat_nst_250ms_seed0,Cesnet,dir,5,8feat,nst,250ms,0,21,18,,,,,,,,0,False,False,PENDING,
CESNET5s_dir_8feat_autoformer_20ms_seed0,Cesnet,dir,5,8feat,autoformer,20ms,0,250,18,67.73%,60.16%,68.64%,64.28%,1:34:22,"Cesnet_model_Adam_optimizer_CrossEntropyLoss_vec[upstream,downstream,ratio]_20260829_185239_detailed.csv",prod_ckpt_8feat_seed0/Cesnet/18/autoformer_classifier_250_best_val.pth,5989112,True,True,OK,
CESNET5s_dir_8feat_autoformer_30ms_seed0,Cesnet,dir,5,8feat,autoformer,30ms,0,167,18,65.21%,57.42%,72.78%,69.10%,1:41:28,"Cesnet_model_Adam_optimizer_CrossEntropyLoss_vec[upstream,downstream,ratio]_20260830_190419_detailed.csv",prod_ckpt_8feat_seed0/Cesnet/18/autoformer_classifier_167_best_val.pth,4841720,True,True,OK,
CESNET5s_dir_8feat_autoformer_40ms_seed0,Cesnet,dir,5,8feat,autoformer,40ms,0,125,18,59.48%,51.02%,67.59%,63.17%,1:20:30,"Cesnet_model_Adam_optimizer_CrossEntropyLoss_vec[upstream,downstream,ratio]_20260831_145914_detailed.csv",prod_ckpt_8feat_seed0/Cesnet/18/autoformer_classifier_125_best_val.pth,4261176,True,True,OK,
CESNET5s_dir_8feat_autoformer_50ms_seed0,Cesnet,dir,5,8feat,autoformer,50ms,0,100,18,60.53%,54.16%,61.18%,56.38%,1:25:52,"Cesnet_model_Adam_optimizer_CrossEntropyLoss_vec[upstream,downstream,ratio]_20260901_165843_detailed.csv",prod_ckpt_8feat_seed0/Cesnet/18/autoformer_classifier_100_best_val.pth,3915576,True,True,OK,
CESNET5s_dir_8feat_autoformer_75ms_seed0,Cesnet,dir,5,8feat,autoformer,75ms,0,67,18,,,,,,,,0,False,False,PENDING,
CESNET5s_dir_8feat_autoformer_100ms_seed0,Cesnet,dir,5,8feat,autoformer,100ms,0,50,18,,,,,,,,0,False,False,PENDING,
CESNET5s_dir_8feat_autoformer_150ms_seed0,Cesnet,dir,5,8feat,autoformer,150ms,0,34,18,,,,,,,,0,False,False,PENDING,
CESNET5s_dir_8feat_autoformer_200ms_seed0,Cesnet,dir,5,8feat,autoformer,200ms,0,25,18,,,,,,,,0,False,False,PENDING,
CESNET5s_dir_8feat_autoformer_250ms_seed0,Cesnet,dir,5,8feat,autoformer,250ms,0,21,18,,,,,,,,0,False,False,PENDING,
CESNET5s_dir_8feat_fedformer_20ms_seed0,Cesnet,dir,5,8feat,fedformer,20ms,0,250,18,83.25%,80.20%,82.54%,80.34%,6:09:23,"Cesnet_model_Adam_optimizer_CrossEntropyLoss_vec[upstream,downstream,ratio]_20260830_010225_detailed.csv",prod_ckpt_8feat_seed0/Cesnet/18/fedformer_classifier_250_best_val.pth,8723378,True,True,OK,
CESNET5s_dir_8feat_fedformer_30ms_seed0,Cesnet,dir,5,8feat,fedformer,30ms,0,167,18,84.11%,81.28%,82.57%,80.38%,8:45:14,"Cesnet_model_Adam_optimizer_CrossEntropyLoss_vec[upstream,downstream,ratio]_20260831_034948_detailed.csv",prod_ckpt_8feat_seed0/Cesnet/18/fedformer_classifier_167_best_val.pth,7575986,True,True,OK,
CESNET5s_dir_8feat_fedformer_40ms_seed0,Cesnet,dir,5,8feat,fedformer,40ms,0,125,18,81.25%,78.03%,79.49%,77.11%,9:17:34,"Cesnet_model_Adam_optimizer_CrossEntropyLoss_vec[upstream,downstream,ratio]_20260901_001700_detailed.csv",prod_ckpt_8feat_seed0/Cesnet/18/fedformer_classifier_125_best_val.pth,6979058,True,True,OK,
CESNET5s_dir_8feat_fedformer_50ms_seed0,Cesnet,dir,5,8feat,fedformer,50ms,0,100,18,79.56%,75.96%,77.57%,75.07%,8:34:49,"Cesnet_model_Adam_optimizer_CrossEntropyLoss_vec[upstream,downstream,ratio]_20260902_013341_detailed.csv",prod_ckpt_8feat_seed0/Cesnet/18/fedformer_classifier_100_best_val.pth,6535154,True,True,OK,
CESNET5s_dir_8feat_fedformer_75ms_seed0,Cesnet,dir,5,8feat,fedformer,75ms,0,67,18,,,,,,,,0,False,False,PENDING,
CESNET5s_dir_8feat_fedformer_100ms_seed0,Cesnet,dir,5,8feat,fedformer,100ms,0,50,18,,,,,,,,0,False,False,PENDING,
CESNET5s_dir_8feat_fedformer_150ms_seed0,Cesnet,dir,5,8feat,fedformer,150ms,0,34,18,,,,,,,,0,False,False,PENDING,
CESNET5s_dir_8feat_fedformer_200ms_seed0,Cesnet,dir,5,8feat,fedformer,200ms,0,25,18,,,,,,,,0,False,False,PENDING,
CESNET5s_dir_8feat_fedformer_250ms_seed0,Cesnet,dir,5,8feat,fedformer,250ms,0,21,18,,,,,,,,0,False,False,PENDING,
CESNET5s_dir_8feat_timemixer_20ms_seed0,Cesnet,dir,5,8feat,timemixer,20ms,0,250,18,86.35%,83.97%,87.22%,85.72%,1:22:49,"Cesnet_model_Adam_optimizer_CrossEntropyLoss_vec[upstream,downstream,ratio]_20260830_022537_detailed.csv",prod_ckpt_8feat_seed0/Cesnet/18/timemixer_classifier_250_best_val.pth,9656826,True,True,OK,
CESNET5s_dir_8feat_timemixer_30ms_seed0,Cesnet,dir,5,8feat,timemixer,30ms,0,167,18,Error,Error,Error,Error,Error,"Cesnet_model_Adam_optimizer_CrossEntropyLoss_vec[upstream,downstream,ratio]_20260831_035003_detailed.csv",,0,False,True,PENDING,
CESNET5s_dir_8feat_timemixer_40ms_seed0,Cesnet,dir,5,8feat,timemixer,40ms,0,125,18,79.96%,76.84%,81.24%,79.00%,1:03:29,"Cesnet_model_Adam_optimizer_CrossEntropyLoss_vec[upstream,downstream,ratio]_20260901_012040_detailed.csv",prod_ckpt_8feat_seed0/Cesnet/18/timemixer_classifier_125_best_val.pth,5101242,True,True,OK,
CESNET5s_dir_8feat_timemixer_50ms_seed0,Cesnet,dir,5,8feat,timemixer,50ms,0,100,18,77.23%,74.38%,79.38%,77.03%,0:33:41,"Cesnet_model_Adam_optimizer_CrossEntropyLoss_vec[upstream,downstream,ratio]_20260902_020732_detailed.csv",prod_ckpt_8feat_seed0/Cesnet/18/timemixer_classifier_100_best_val.pth,4421434,True,True,OK,
CESNET5s_dir_8feat_timemixer_75ms_seed0,Cesnet,dir,5,8feat,timemixer,75ms,0,67,18,,,,,,,,0,False,False,PENDING,
CESNET5s_dir_8feat_timemixer_100ms_seed0,Cesnet,dir,5,8feat,timemixer,100ms,0,50,18,,,,,,,,0,False,False,PENDING,
CESNET5s_dir_8feat_timemixer_150ms_seed0,Cesnet,dir,5,8feat,timemixer,150ms,0,34,18,,,,,,,,0,False,False,PENDING,
CESNET5s_dir_8feat_timemixer_200ms_seed0,Cesnet,dir,5,8feat,timemixer,200ms,0,25,18,,,,,,,,0,False,False,PENDING,
CESNET5s_dir_8feat_timemixer_250ms_seed0,Cesnet,dir,5,8feat,timemixer,250ms,0,21,18,,,,,,,,0,False,False,PENDING,
