run_id,dataset,variant,split_protocol,split_fingerprint,eval_side,n_classes,model,feature_config,window,seq_len,n_features,training_seed,batch_size,n_flows_train,n_flows_val,metric_state,best_epoch,weighted_loss,deterministic,grad_clip_max_norm,epochs_run,train_macro_f1,val_macro_f1_best,flow_acc,flow_macro_f1,flow_per_f1,flow_support,class_weights,train_counts,params,checkpoint,runtime_s,status,error,environment,finished
grouped_timesnet_seed0,VNAT,VNAT_3s_tcp_duration,capture_grouped,grouped:2014143245374719,Validation,4,timesnet,8feat,20ms,151,8,0,256,1586,611,best_val,8,True,True,1.0,26,87.2002,86.7308,85.9247,86.7308,"{""Chat"": 80.952, ""Control"": 89.34, ""File Transfer"": 88.889, ""Streaming"": 87.742}","{""Chat"": 156, ""Control"": 101, ""File Transfer"": 14, ""Streaming"": 340}","{""Chat"": 1.136103, ""Control"": 0.789841, ""File Transfer"": 4.95625, ""Streaming"": 0.605344}","{""Chat"": 349, ""Control"": 502, ""File Transfer"": 80, ""Streaming"": 655}",9414596,grouped_split_check/checkpoints/grouped_timesnet_seed0.pth,81.2,OK,,"{""torch"": ""2.6.0+cu126"", ""cuda"": ""12.6"", ""gpu"": ""NVIDIA RTX A4500"", ""numpy"": ""2.0.1"", ""python"": ""3.12.9"", ""deterministic"": true, ""grad_clip_max_norm"": 1.0, ""CUBLAS_WORKSPACE_CONFIG"": "":4096:8"", ""CUDA_VISIBLE_DEVICES"": """"}",2026-08-23T08:31:29
grouped_timesnet_seed1,VNAT,VNAT_3s_tcp_duration,capture_grouped,grouped:2014143245374719,Validation,4,timesnet,8feat,20ms,151,8,1,256,1586,611,best_val,6,True,True,1.0,25,76.1556,86.369,85.4337,86.369,"{""Chat"": 81.081, ""Control"": 88.66, ""File Transfer"": 88.889, ""Streaming"": 86.846}","{""Chat"": 156, ""Control"": 101, ""File Transfer"": 14, ""Streaming"": 340}","{""Chat"": 1.136103, ""Control"": 0.789841, ""File Transfer"": 4.95625, ""Streaming"": 0.605344}","{""Chat"": 349, ""Control"": 502, ""File Transfer"": 80, ""Streaming"": 655}",9414596,grouped_split_check/checkpoints/grouped_timesnet_seed1.pth,78.3,OK,,"{""torch"": ""2.6.0+cu126"", ""cuda"": ""12.6"", ""gpu"": ""NVIDIA RTX A4500"", ""numpy"": ""2.0.1"", ""python"": ""3.12.9"", ""deterministic"": true, ""grad_clip_max_norm"": 1.0, ""CUBLAS_WORKSPACE_CONFIG"": "":4096:8"", ""CUDA_VISIBLE_DEVICES"": """"}",2026-08-23T08:32:48
grouped_timesnet_seed2,VNAT,VNAT_3s_tcp_duration,capture_grouped,grouped:2014143245374719,Validation,4,timesnet,8feat,20ms,151,8,2,256,1586,611,best_val,8,True,True,1.0,26,87.9736,87.0799,86.252,87.0799,"{""Chat"": 80.952, ""Control"": 90.452, ""File Transfer"": 88.889, ""Streaming"": 88.026}","{""Chat"": 156, ""Control"": 101, ""File Transfer"": 14, ""Streaming"": 340}","{""Chat"": 1.136103, ""Control"": 0.789841, ""File Transfer"": 4.95625, ""Streaming"": 0.605344}","{""Chat"": 349, ""Control"": 502, ""File Transfer"": 80, ""Streaming"": 655}",9414596,grouped_split_check/checkpoints/grouped_timesnet_seed2.pth,81.9,OK,,"{""torch"": ""2.6.0+cu126"", ""cuda"": ""12.6"", ""gpu"": ""NVIDIA RTX A4500"", ""numpy"": ""2.0.1"", ""python"": ""3.12.9"", ""deterministic"": true, ""grad_clip_max_norm"": 1.0, ""CUBLAS_WORKSPACE_CONFIG"": "":4096:8"", ""CUDA_VISIBLE_DEVICES"": """"}",2026-08-23T08:34:10
grouped_informer_seed0,VNAT,VNAT_3s_tcp_duration,capture_grouped,grouped:2014143245374719,Validation,4,informer,8feat,20ms,151,8,0,64,1586,611,best_val,2,True,True,1.0,34,90.4704,71.2652,78.5597,76.0089,"{""Chat"": 81.215, ""Control"": 51.799, ""File Transfer"": 88.889, ""Streaming"": 82.133}","{""Chat"": 156, ""Control"": 101, ""File Transfer"": 14, ""Streaming"": 340}","{""Chat"": 1.136103, ""Control"": 0.789841, ""File Transfer"": 4.95625, ""Streaming"": 0.605344}","{""Chat"": 349, ""Control"": 502, ""File Transfer"": 80, ""Streaming"": 655}",2835205,grouped_split_check/checkpoints/grouped_informer_seed0.pth,33.7,OK,,"{""torch"": ""2.6.0+cu126"", ""cuda"": ""12.6"", ""gpu"": ""NVIDIA RTX A4500"", ""numpy"": ""2.0.1"", ""python"": ""3.12.9"", ""deterministic"": true, ""grad_clip_max_norm"": 1.0, ""CUBLAS_WORKSPACE_CONFIG"": "":4096:8"", ""CUDA_VISIBLE_DEVICES"": """"}",2026-08-23T08:34:44
grouped_informer_seed1,VNAT,VNAT_3s_tcp_duration,capture_grouped,grouped:2014143245374719,Validation,4,informer,8feat,20ms,151,8,1,64,1586,611,best_val,1,True,True,1.0,17,63.9264,78.7063,70.8674,78.6295,"{""Chat"": 65.272, ""Control"": 89.109, ""File Transfer"": 92.308, ""Streaming"": 67.829}","{""Chat"": 156, ""Control"": 101, ""File Transfer"": 14, ""Streaming"": 340}","{""Chat"": 1.136103, ""Control"": 0.789841, ""File Transfer"": 4.95625, ""Streaming"": 0.605344}","{""Chat"": 349, ""Control"": 502, ""File Transfer"": 80, ""Streaming"": 655}",2835205,grouped_split_check/checkpoints/grouped_informer_seed1.pth,15.3,OK,,"{""torch"": ""2.6.0+cu126"", ""cuda"": ""12.6"", ""gpu"": ""NVIDIA RTX A4500"", ""numpy"": ""2.0.1"", ""python"": ""3.12.9"", ""deterministic"": true, ""grad_clip_max_norm"": 1.0, ""CUBLAS_WORKSPACE_CONFIG"": "":4096:8"", ""CUDA_VISIBLE_DEVICES"": """"}",2026-08-23T08:35:00
grouped_informer_seed2,VNAT,VNAT_3s_tcp_duration,capture_grouped,grouped:2014143245374719,Validation,4,informer,8feat,20ms,151,8,2,64,1586,611,best_val,1,True,True,1.0,19,63.0668,83.6182,86.0884,85.1205,"{""Chat"": 82.094, ""Control"": 87.568, ""File Transfer"": 82.759, ""Streaming"": 88.062}","{""Chat"": 156, ""Control"": 101, ""File Transfer"": 14, ""Streaming"": 340}","{""Chat"": 1.136103, ""Control"": 0.789841, ""File Transfer"": 4.95625, ""Streaming"": 0.605344}","{""Chat"": 349, ""Control"": 502, ""File Transfer"": 80, ""Streaming"": 655}",2835205,grouped_split_check/checkpoints/grouped_informer_seed2.pth,18.7,OK,,"{""torch"": ""2.6.0+cu126"", ""cuda"": ""12.6"", ""gpu"": ""NVIDIA RTX A4500"", ""numpy"": ""2.0.1"", ""python"": ""3.12.9"", ""deterministic"": true, ""grad_clip_max_norm"": 1.0, ""CUBLAS_WORKSPACE_CONFIG"": "":4096:8"", ""CUDA_VISIBLE_DEVICES"": """"}",2026-08-23T08:35:19
grouped_nst_seed0,VNAT,VNAT_3s_tcp_duration,capture_grouped,grouped:2014143245374719,Validation,4,nst,8feat,20ms,151,8,0,64,1586,611,best_val,2,True,True,1.0,23,71.6447,87.6895,85.5974,87.6895,"{""Chat"": 79.487, ""Control"": 91.667, ""File Transfer"": 92.308, ""Streaming"": 87.296}","{""Chat"": 156, ""Control"": 101, ""File Transfer"": 14, ""Streaming"": 340}","{""Chat"": 1.136103, ""Control"": 0.789841, ""File Transfer"": 4.95625, ""Streaming"": 0.605344}","{""Chat"": 349, ""Control"": 502, ""File Transfer"": 80, ""Streaming"": 655}",172110,grouped_split_check/checkpoints/grouped_nst_seed0.pth,14.2,OK,,"{""torch"": ""2.6.0+cu126"", ""cuda"": ""12.6"", ""gpu"": ""NVIDIA RTX A4500"", ""numpy"": ""2.0.1"", ""python"": ""3.12.9"", ""deterministic"": true, ""grad_clip_max_norm"": 1.0, ""CUBLAS_WORKSPACE_CONFIG"": "":4096:8"", ""CUDA_VISIBLE_DEVICES"": """"}",2026-08-23T08:35:33
grouped_nst_seed1,VNAT,VNAT_3s_tcp_duration,capture_grouped,grouped:2014143245374719,Validation,4,nst,8feat,20ms,151,8,1,64,1586,611,best_val,3,True,True,1.0,22,84.3305,87.6962,85.5974,87.6962,"{""Chat"": 79.284, ""Control"": 91.837, ""File Transfer"": 92.308, ""Streaming"": 87.356}","{""Chat"": 156, ""Control"": 101, ""File Transfer"": 14, ""Streaming"": 340}","{""Chat"": 1.136103, ""Control"": 0.789841, ""File Transfer"": 4.95625, ""Streaming"": 0.605344}","{""Chat"": 349, ""Control"": 502, ""File Transfer"": 80, ""Streaming"": 655}",172110,grouped_split_check/checkpoints/grouped_nst_seed1.pth,13.7,OK,,"{""torch"": ""2.6.0+cu126"", ""cuda"": ""12.6"", ""gpu"": ""NVIDIA RTX A4500"", ""numpy"": ""2.0.1"", ""python"": ""3.12.9"", ""deterministic"": true, ""grad_clip_max_norm"": 1.0, ""CUBLAS_WORKSPACE_CONFIG"": "":4096:8"", ""CUDA_VISIBLE_DEVICES"": """"}",2026-08-23T08:35:47
grouped_nst_seed2,VNAT,VNAT_3s_tcp_duration,capture_grouped,grouped:2014143245374719,Validation,4,nst,8feat,20ms,151,8,2,64,1586,611,best_val,7,True,True,1.0,23,92.2827,87.9316,86.4157,87.9316,"{""Chat"": 81.522, ""Control"": 89.947, ""File Transfer"": 92.308, ""Streaming"": 87.95}","{""Chat"": 156, ""Control"": 101, ""File Transfer"": 14, ""Streaming"": 340}","{""Chat"": 1.136103, ""Control"": 0.789841, ""File Transfer"": 4.95625, ""Streaming"": 0.605344}","{""Chat"": 349, ""Control"": 502, ""File Transfer"": 80, ""Streaming"": 655}",172110,grouped_split_check/checkpoints/grouped_nst_seed2.pth,13.6,OK,,"{""torch"": ""2.6.0+cu126"", ""cuda"": ""12.6"", ""gpu"": ""NVIDIA RTX A4500"", ""numpy"": ""2.0.1"", ""python"": ""3.12.9"", ""deterministic"": true, ""grad_clip_max_norm"": 1.0, ""CUBLAS_WORKSPACE_CONFIG"": "":4096:8"", ""CUDA_VISIBLE_DEVICES"": """"}",2026-08-23T08:36:01
grouped_autoformer_seed0,VNAT,VNAT_3s_tcp_duration,capture_grouped,grouped:2014143245374719,Validation,4,autoformer,8feat,20ms,151,8,0,256,1586,611,best_val,4,True,True,1.0,27,79.2647,86.9191,88.3797,86.9191,"{""Chat"": 87.147, ""Control"": 84.404, ""File Transfer"": 85.714, ""Streaming"": 90.411}","{""Chat"": 156, ""Control"": 101, ""File Transfer"": 14, ""Streaming"": 340}","{""Chat"": 1.136103, ""Control"": 0.789841, ""File Transfer"": 4.95625, ""Streaming"": 0.605344}","{""Chat"": 349, ""Control"": 502, ""File Transfer"": 80, ""Streaming"": 655}",139460,grouped_split_check/checkpoints/grouped_autoformer_seed0.pth,13.8,OK,,"{""torch"": ""2.6.0+cu126"", ""cuda"": ""12.6"", ""gpu"": ""NVIDIA RTX A4500"", ""numpy"": ""2.0.1"", ""python"": ""3.12.9"", ""deterministic"": true, ""grad_clip_max_norm"": 1.0, ""CUBLAS_WORKSPACE_CONFIG"": "":4096:8"", ""CUDA_VISIBLE_DEVICES"": """"}",2026-08-23T08:36:14
grouped_autoformer_seed1,VNAT,VNAT_3s_tcp_duration,capture_grouped,grouped:2014143245374719,Validation,4,autoformer,8feat,20ms,151,8,1,256,1586,611,best_val,4,True,True,1.0,24,81.079,80.7055,86.5794,80.7055,"{""Chat"": 87.227, ""Control"": 81.773, ""File Transfer"": 64.865, ""Streaming"": 88.956}","{""Chat"": 156, ""Control"": 101, ""File Transfer"": 14, ""Streaming"": 340}","{""Chat"": 1.136103, ""Control"": 0.789841, ""File Transfer"": 4.95625, ""Streaming"": 0.605344}","{""Chat"": 349, ""Control"": 502, ""File Transfer"": 80, ""Streaming"": 655}",139460,grouped_split_check/checkpoints/grouped_autoformer_seed1.pth,12.4,OK,,"{""torch"": ""2.6.0+cu126"", ""cuda"": ""12.6"", ""gpu"": ""NVIDIA RTX A4500"", ""numpy"": ""2.0.1"", ""python"": ""3.12.9"", ""deterministic"": true, ""grad_clip_max_norm"": 1.0, ""CUBLAS_WORKSPACE_CONFIG"": "":4096:8"", ""CUDA_VISIBLE_DEVICES"": """"}",2026-08-23T08:36:27
grouped_autoformer_seed2,VNAT,VNAT_3s_tcp_duration,capture_grouped,grouped:2014143245374719,Validation,4,autoformer,8feat,20ms,151,8,2,256,1586,611,best_val,10,True,True,1.0,28,89.1736,83.4925,85.27,83.4925,"{""Chat"": 83.473, ""Control"": 83.333, ""File Transfer"": 80.0, ""Streaming"": 87.163}","{""Chat"": 156, ""Control"": 101, ""File Transfer"": 14, ""Streaming"": 340}","{""Chat"": 1.136103, ""Control"": 0.789841, ""File Transfer"": 4.95625, ""Streaming"": 0.605344}","{""Chat"": 349, ""Control"": 502, ""File Transfer"": 80, ""Streaming"": 655}",139460,grouped_split_check/checkpoints/grouped_autoformer_seed2.pth,14.4,OK,,"{""torch"": ""2.6.0+cu126"", ""cuda"": ""12.6"", ""gpu"": ""NVIDIA RTX A4500"", ""numpy"": ""2.0.1"", ""python"": ""3.12.9"", ""deterministic"": true, ""grad_clip_max_norm"": 1.0, ""CUBLAS_WORKSPACE_CONFIG"": "":4096:8"", ""CUDA_VISIBLE_DEVICES"": """"}",2026-08-23T08:36:42
grouped_fedformer_seed0,VNAT,VNAT_3s_tcp_duration,capture_grouped,grouped:2014143245374719,Validation,4,fedformer,8feat,20ms,151,8,0,256,1586,611,best_val,15,True,True,1.0,31,93.716,86.9603,86.4157,86.9603,"{""Chat"": 82.888, ""Control"": 88.205, ""File Transfer"": 88.889, ""Streaming"": 87.859}","{""Chat"": 156, ""Control"": 101, ""File Transfer"": 14, ""Streaming"": 340}","{""Chat"": 1.136103, ""Control"": 0.789841, ""File Transfer"": 4.95625, ""Streaming"": 0.605344}","{""Chat"": 349, ""Control"": 502, ""File Transfer"": 80, ""Streaming"": 655}",403013,grouped_split_check/checkpoints/grouped_fedformer_seed0.pth,57.3,OK,,"{""torch"": ""2.6.0+cu126"", ""cuda"": ""12.6"", ""gpu"": ""NVIDIA RTX A4500"", ""numpy"": ""2.0.1"", ""python"": ""3.12.9"", ""deterministic"": true, ""grad_clip_max_norm"": 1.0, ""CUBLAS_WORKSPACE_CONFIG"": "":4096:8"", ""CUDA_VISIBLE_DEVICES"": """"}",2026-08-23T08:37:39
grouped_fedformer_seed1,VNAT,VNAT_3s_tcp_duration,capture_grouped,grouped:2014143245374719,Validation,4,fedformer,8feat,20ms,151,8,1,256,1586,611,best_val,10,True,True,1.0,26,89.9053,84.7451,85.1064,84.7451,"{""Chat"": 82.609, ""Control"": 83.673, ""File Transfer"": 85.714, ""Streaming"": 86.984}","{""Chat"": 156, ""Control"": 101, ""File Transfer"": 14, ""Streaming"": 340}","{""Chat"": 1.136103, ""Control"": 0.789841, ""File Transfer"": 4.95625, ""Streaming"": 0.605344}","{""Chat"": 349, ""Control"": 502, ""File Transfer"": 80, ""Streaming"": 655}",403013,grouped_split_check/checkpoints/grouped_fedformer_seed1.pth,47.9,OK,,"{""torch"": ""2.6.0+cu126"", ""cuda"": ""12.6"", ""gpu"": ""NVIDIA RTX A4500"", ""numpy"": ""2.0.1"", ""python"": ""3.12.9"", ""deterministic"": true, ""grad_clip_max_norm"": 1.0, ""CUBLAS_WORKSPACE_CONFIG"": "":4096:8"", ""CUDA_VISIBLE_DEVICES"": """"}",2026-08-23T08:38:27
grouped_fedformer_seed2,VNAT,VNAT_3s_tcp_duration,capture_grouped,grouped:2014143245374719,Validation,4,fedformer,8feat,20ms,151,8,2,256,1586,611,best_val,13,True,True,1.0,28,91.8975,86.7639,85.4337,86.7639,"{""Chat"": 82.038, ""Control"": 85.572, ""File Transfer"": 92.308, ""Streaming"": 87.138}","{""Chat"": 156, ""Control"": 101, ""File Transfer"": 14, ""Streaming"": 340}","{""Chat"": 1.136103, ""Control"": 0.789841, ""File Transfer"": 4.95625, ""Streaming"": 0.605344}","{""Chat"": 349, ""Control"": 502, ""File Transfer"": 80, ""Streaming"": 655}",403013,grouped_split_check/checkpoints/grouped_fedformer_seed2.pth,51.7,OK,,"{""torch"": ""2.6.0+cu126"", ""cuda"": ""12.6"", ""gpu"": ""NVIDIA RTX A4500"", ""numpy"": ""2.0.1"", ""python"": ""3.12.9"", ""deterministic"": true, ""grad_clip_max_norm"": 1.0, ""CUBLAS_WORKSPACE_CONFIG"": "":4096:8"", ""CUDA_VISIBLE_DEVICES"": """"}",2026-08-23T08:39:19
grouped_timemixer_seed0,VNAT,VNAT_3s_tcp_duration,capture_grouped,grouped:2014143245374719,Validation,4,timemixer,8feat,20ms,151,8,0,256,1586,611,best_val,7,True,True,1.0,22,54.0862,82.2202,83.1424,82.2202,"{""Chat"": 77.603, ""Control"": 73.934, ""File Transfer"": 88.889, ""Streaming"": 88.456}","{""Chat"": 156, ""Control"": 101, ""File Transfer"": 14, ""Streaming"": 340}","{""Chat"": 1.136103, ""Control"": 0.789841, ""File Transfer"": 4.95625, ""Streaming"": 0.605344}","{""Chat"": 349, ""Control"": 502, ""File Transfer"": 80, ""Streaming"": 655}",301764,grouped_split_check/checkpoints/grouped_timemixer_seed0.pth,7.5,OK,,"{""torch"": ""2.6.0+cu126"", ""cuda"": ""12.6"", ""gpu"": ""NVIDIA RTX A4500"", ""numpy"": ""2.0.1"", ""python"": ""3.12.9"", ""deterministic"": true, ""grad_clip_max_norm"": 1.0, ""CUBLAS_WORKSPACE_CONFIG"": "":4096:8"", ""CUDA_VISIBLE_DEVICES"": """"}",2026-08-23T08:39:27
grouped_timemixer_seed1,VNAT,VNAT_3s_tcp_duration,capture_grouped,grouped:2014143245374719,Validation,4,timemixer,8feat,20ms,151,8,1,256,1586,611,best_val,13,True,True,1.0,37,87.477,85.3914,83.4697,85.3914,"{""Chat"": 78.933, ""Control"": 84.974, ""File Transfer"": 92.308, ""Streaming"": 85.35}","{""Chat"": 156, ""Control"": 101, ""File Transfer"": 14, ""Streaming"": 340}","{""Chat"": 1.136103, ""Control"": 0.789841, ""File Transfer"": 4.95625, ""Streaming"": 0.605344}","{""Chat"": 349, ""Control"": 502, ""File Transfer"": 80, ""Streaming"": 655}",301764,grouped_split_check/checkpoints/grouped_timemixer_seed1.pth,12.6,OK,,"{""torch"": ""2.6.0+cu126"", ""cuda"": ""12.6"", ""gpu"": ""NVIDIA RTX A4500"", ""numpy"": ""2.0.1"", ""python"": ""3.12.9"", ""deterministic"": true, ""grad_clip_max_norm"": 1.0, ""CUBLAS_WORKSPACE_CONFIG"": "":4096:8"", ""CUDA_VISIBLE_DEVICES"": """"}",2026-08-23T08:39:39
grouped_timemixer_seed2,VNAT,VNAT_3s_tcp_duration,capture_grouped,grouped:2014143245374719,Validation,4,timemixer,8feat,20ms,151,8,2,256,1586,611,best_val,27,True,True,1.0,41,90.2801,81.6734,84.1244,81.6734,"{""Chat"": 82.486, ""Control"": 78.919, ""File Transfer"": 78.571, ""Streaming"": 86.718}","{""Chat"": 156, ""Control"": 101, ""File Transfer"": 14, ""Streaming"": 340}","{""Chat"": 1.136103, ""Control"": 0.789841, ""File Transfer"": 4.95625, ""Streaming"": 0.605344}","{""Chat"": 349, ""Control"": 502, ""File Transfer"": 80, ""Streaming"": 655}",301764,grouped_split_check/checkpoints/grouped_timemixer_seed2.pth,14.7,OK,,"{""torch"": ""2.6.0+cu126"", ""cuda"": ""12.6"", ""gpu"": ""NVIDIA RTX A4500"", ""numpy"": ""2.0.1"", ""python"": ""3.12.9"", ""deterministic"": true, ""grad_clip_max_norm"": 1.0, ""CUBLAS_WORKSPACE_CONFIG"": "":4096:8"", ""CUDA_VISIBLE_DEVICES"": """"}",2026-08-23T08:39:54
