window,T,zero_ratio,nonempty_slots_mean,nonempty_pct
20ms,151,0.9297054683237528,10.614474283113337,7.029453167624726
30ms,101,0.9194220742055998,8.13837050523441,8.057792579440012
40ms,76,0.9022171382028125,7.431497496586254,9.778286179718755
50ms,61,0.8998858353790937,6.106964041875284,10.011416462090631
75ms,41,0.8905047903460372,4.489303595812472,10.949520965396273
100ms,31,0.8737134215278899,3.914883932635412,12.628657847211006
150ms,21,0.8632334135292715,2.872098315885298,13.676658647072848
200ms,16,0.8482874374146563,2.4274010013654985,15.171256258534365
250ms,13,0.8305731592031091,2.202548930359581,16.942684079689087
